,dim_0,dim_1,dim_2,dim_3,dim_4,dim_5,class_val
0,"0     0.079106
1     0.079106
2    -0.903497
3     1.116125
4     1.638200
        ...   
95   -0.167918
96   -0.227670
97   -0.193271
98   -0.193271
99   -0.205150
Length: 100, dtype: float64","0     0.394032
1     0.394032
2    -3.666397
3    -0.656101
4     1.405135
        ...   
95    0.224085
96    0.118392
97    0.055227
98    0.055227
99   -0.003390
Length: 100, dtype: float64","0     0.551444
1     0.551444
2    -0.282844
3     0.333118
4     0.393875
        ...   
95    0.039889
96   -0.088594
97   -0.041530
98   -0.041530
99   -0.015113
Length: 100, dtype: float64","0     0.351565
1     0.351565
2    -0.095881
3     1.624657
4     1.187864
        ...   
95    0.039951
96   -0.029297
97    0.000000
98    0.000000
99   -0.007990
Length: 100, dtype: float64","0     0.023970
1     0.023970
2    -0.319605
3    -0.569962
4    -0.271664
        ...   
95   -0.010653
96    0.005327
97   -0.013317
98   -0.013317
99   -0.010653
Length: 100, dtype: float64","0     0.633883
1     0.633883
2     0.972131
3     1.209171
4     1.739182
        ...   
95   -0.021307
96   -0.042614
97   -0.063921
98   -0.063921
99   -0.031960
Length: 100, dtype: float64",standing
1,"0     0.377751
1     0.377751
2     2.952965
3     4.310925
4     3.256906
        ...   
95   -0.287704
96   -0.323383
97   -0.323383
98   -0.333625
99   -0.333625
Length: 100, dtype: float64","0    -0.610850
1    -0.610850
2     0.970717
3    -1.625661
4    -6.969257
        ...   
95    0.344518
96   -0.098593
97   -0.098593
98   -0.215987
99   -0.215987
Length: 100, dtype: float64","0    -0.147376
1    -0.147376
2    -5.962515
3    -1.898794
4    -2.730436
        ...   
95    0.055352
96    0.063051
97    0.063051
98   -0.000848
99   -0.000848
Length: 100, dtype: float64","0    -0.103872
1    -0.103872
2    -7.593275
3    -5.345389
4    -2.743274
        ...   
95   -0.015980
96   -0.018644
97   -0.018644
98   -0.007990
99   -0.007990
Length: 100, dtype: float64","0    -0.109198
1    -0.109198
2    -0.697804
3     0.402169
4     0.615239
        ...   
95   -0.007990
96   -0.010653
97   -0.010653
98    0.015980
99    0.015980
Length: 100, dtype: float64","0    -0.037287
1    -0.037287
2    -2.865789
3    -4.176168
4    -3.417107
        ...   
95   -0.039951
96   -0.135832
97   -0.135832
98    0.034624
99    0.034624
Length: 100, dtype: float64",standing
2,"0    -0.813905
1    -0.813905
2    -0.424628
3     0.316895
4     0.228580
        ...   
95   -0.255364
96   -0.066292
97   -0.206440
98   -0.544255
99   -0.544255
Length: 100, dtype: float64","0     0.825666
1     0.825666
2    -1.305033
3    -0.507693
4     0.028821
        ...   
95    0.314641
96    0.610305
97    0.209063
98   -0.558847
99   -0.558847
Length: 100, dtype: float64","0     0.032712
1     0.032712
2     0.826170
3     0.218569
4     0.586313
        ...   
95   -0.091294
96    0.286864
97    0.679102
98    0.379032
99    0.379032
Length: 100, dtype: float64","0     0.021307
1     0.021307
2    -0.372872
3     0.023970
4     0.066584
        ...   
95   -0.292971
96    0.095881
97    0.279654
98    0.159802
99    0.159802
Length: 100, dtype: float64","0     0.122515
1     0.122515
2    -0.045277
3    -0.130505
4    -0.263674
        ...   
95    0.077238
96   -0.034624
97   -0.031960
98    0.114525
99    0.114525
Length: 100, dtype: float64","0     0.775041
1     0.775041
2     0.383526
3     0.588605
4     0.817655
        ...   
95   -0.077238
96   -0.167792
97   -0.372872
98   -0.423476
99   -0.423476
Length: 100, dtype: float64",standing
3,"0     0.289855
1     0.289855
2    -0.669185
3     0.032063
4    -0.214649
        ...   
95    0.059766
96   -0.186758
97   -0.121576
98   -0.097311
99   -0.294934
Length: 100, dtype: float64","0     0.284130
1     0.284130
2    -0.210466
3     0.830952
4     0.348907
        ...   
95   -0.600759
96   -0.208328
97    0.565419
98    0.916712
99    1.221973
Length: 100, dtype: float64","0     0.213680
1     0.213680
2     0.252267
3     0.509806
4    -0.375393
        ...   
95   -0.250041
96   -0.103415
97   -0.078510
98    0.007786
99    0.173488
Length: 100, dtype: float64","0    -0.314278
1    -0.314278
2     0.018644
3    -0.015980
4     0.050604
        ...   
95    0.005327
96    0.005327
97   -0.015980
98   -0.106535
99   -0.058594
Length: 100, dtype: float64","0     0.074574
1     0.074574
2     0.007990
3    -0.093218
4    -0.015980
        ...   
95    0.037287
96   -0.023970
97    0.000000
98   -0.055931
99   -0.066584
Length: 100, dtype: float64","0    -0.079901
1    -0.079901
2     0.237040
3     0.146486
4     0.101208
        ...   
95    0.207743
96    0.436793
97    0.420813
98    0.375536
99    0.074574
Length: 100, dtype: float64",standing
4,"0    -0.123238
1    -0.123238
2    -0.249547
3    -0.272929
4    -0.272929
        ...   
95   -0.348184
96   -0.233180
97   -0.161667
98   -0.161667
99   -0.344005
Length: 100, dtype: float64","0     0.379341
1     0.379341
2     0.541501
3    -0.158302
4    -0.158302
        ...   
95    0.427164
96    0.216595
97   -0.034599
98   -0.034599
99   -0.341859
Length: 100, dtype: float64","0    -0.286006
1    -0.286006
2     0.208420
3     0.517183
4     0.517183
        ...   
95   -0.012385
96    0.117031
97    0.067971
98    0.067971
99    0.072477
Length: 100, dtype: float64","0    -0.098545
1    -0.098545
2    -0.023970
3    -0.141159
4    -0.141159
        ...   
95   -0.010653
96   -0.018644
97   -0.007990
98   -0.007990
99    0.015980
Length: 100, dtype: float64","0     0.058594
1     0.058594
2     0.175783
3     0.042614
4     0.042614
        ...   
95    0.000000
96   -0.010653
97    0.010653
98    0.010653
99    0.053267
Length: 100, dtype: float64","0    -0.074574
1    -0.074574
2     0.114525
3     0.023970
4     0.023970
        ...   
95    0.047941
96   -0.117188
97   -0.141159
98   -0.141159
99    0.000000
Length: 100, dtype: float64",standing
5,"0    -0.357300
1    -0.357300
2    -0.005055
3     0.188406
4    -0.005550
        ...   
95   -0.131495
96   -0.227401
97   -0.077186
98   -0.151137
99   -0.074966
Length: 100, dtype: float64","0    -0.584885
1    -0.584885
2     0.295037
3     1.121559
4     1.499461
        ...   
95    0.019872
96    0.081473
97    0.030411
98   -0.050431
99    0.118589
Length: 100, dtype: float64","0    -0.792751
1    -0.792751
2     0.213664
3     0.940957
4     0.660870
        ...   
95    0.127541
96   -0.001277
97    0.020097
98   -0.050165
99    0.003065
Length: 100, dtype: float64","0     0.074574
1     0.074574
2    -0.157139
3     0.173119
4     0.242367
        ...   
95    0.021307
96   -0.002663
97   -0.007990
98   -0.074574
99   -0.018644
Length: 100, dtype: float64","0     0.159802
1     0.159802
2    -0.306288
3    -0.324931
4    -0.074574
        ...   
95   -0.007990
96    0.015980
97    0.037287
98    0.015980
99   -0.005327
Length: 100, dtype: float64","0     0.023970
1     0.023970
2     1.230478
3     0.972131
4     0.548655
        ...   
95    0.018644
96    0.021307
97    0.010653
98    0.053267
99    0.042614
Length: 100, dtype: float64",standing
6,"0     1.236069
1     1.236069
2     0.118106
3    -0.311451
4     0.800338
        ...   
95   -0.079782
96   -0.128078
97   -0.236547
98   -0.347654
99   -0.284163
Length: 100, dtype: float64","0    -0.569532
1    -0.569532
2     0.264725
3    -0.240149
4     0.798940
        ...   
95    0.211311
96    0.390654
97    0.407018
98    0.301901
99   -0.272509
Length: 100, dtype: float64","0     1.536733
1     1.536733
2     0.712643
3     1.020031
4    -0.432661
        ...   
95    0.029595
96   -0.058964
97   -0.193675
98   -0.051349
99    0.103274
Length: 100, dtype: float64","0     0.143822
1     0.143822
2    -2.018837
3    -0.745744
4    -1.134597
        ...   
95    0.066584
96   -0.047941
97   -0.138495
98   -0.087891
99   -0.093218
Length: 100, dtype: float64","0     0.061258
1     0.061258
2    -0.111862
3     0.133169
4    -0.290308
        ...   
95    0.000000
96    0.005327
97    0.013317
98   -0.047941
99   -0.047941
Length: 100, dtype: float64","0     0.905547
1     0.905547
2    -0.990775
3    -1.012082
4    -1.209171
        ...   
95    0.103872
96    0.058594
97   -0.042614
98   -0.135832
99   -0.295634
Length: 100, dtype: float64",standing
7,"0    -0.366403
1    -0.366403
2     0.126830
3     0.126830
4    -0.284847
        ...   
95   -0.219388
96   -0.219388
97   -0.162921
98   -0.162921
99   -0.208225
Length: 100, dtype: float64","0     0.331289
1     0.331289
2     1.060159
3     1.060159
4     1.197939
        ...   
95    1.121405
96    1.121405
97   -0.070385
98   -0.070385
99   -0.871569
Length: 100, dtype: float64","0    -0.817845
1    -0.817845
2     0.285714
3     0.285714
4    -0.166016
        ...   
95   -0.182135
96   -0.182135
97    0.244703
98    0.244703
99    0.426556
Length: 100, dtype: float64","0    -0.167792
1    -0.167792
2     0.170456
3     0.170456
4    -0.149149
        ...   
95   -0.101208
96   -0.101208
97   -0.234377
98   -0.234377
99    0.023970
Length: 100, dtype: float64","0    -0.093218
1    -0.093218
2    -0.117188
3    -0.117188
4    -0.007990
        ...   
95   -0.079901
96   -0.079901
97   -0.074574
98   -0.074574
99   -0.018644
Length: 100, dtype: float64","0     0.157139
1     0.157139
2     0.719111
3     0.719111
4     0.474080
        ...   
95   -0.125179
96   -0.125179
97   -0.503377
98   -0.503377
99   -0.476744
Length: 100, dtype: float64",standing
8,"0    -0.342233
1    -0.342233
2    -0.298542
3    -0.326765
4    -0.259437
        ...   
95   -0.203504
96   -0.229990
97   -0.281073
98   -0.373028
99   -0.238221
Length: 100, dtype: float64","0     0.327415
1     0.327415
2    -0.527154
3    -0.759128
4    -0.840716
        ...   
95    0.112583
96   -0.686930
97   -1.299318
98   -0.970840
99   -0.360824
Length: 100, dtype: float64","0     0.157229
1     0.157229
2     0.248585
3     1.054512
4     0.635881
        ...   
95    0.191679
96    0.168542
97   -0.180477
98   -0.540332
99   -0.489100
Length: 100, dtype: float64","0     0.394179
1     0.394179
2    -0.037287
3     0.178446
4     0.231713
        ...   
95    0.202416
96    0.122515
97    0.055931
98   -0.162466
99   -0.173119
Length: 100, dtype: float64","0     0.074574
1     0.074574
2    -0.087891
3    -0.103872
4     0.010653
        ...   
95    0.170456
96    0.231713
97    0.245030
98    0.039951
99   -0.154476
Length: 100, dtype: float64","0    -0.037287
1    -0.037287
2    -0.050604
3     0.087891
4     0.253020
        ...   
95   -0.538001
96   -0.519358
97   -0.287644
98    0.234377
99    0.476744
Length: 100, dtype: float64",standing
9,"0    -0.407421
1    -0.407421
2     2.355158
3     1.147434
4     0.142240
        ...   
95   -0.015828
96   -0.241701
97   -0.294824
98   -0.238427
99   -0.236918
Length: 100, dtype: float64","0     1.413374
1     1.413374
2    -3.928032
3    -1.480309
4    -2.782044
        ...   
95   -0.390737
96   -0.462142
97    0.216479
98    0.328636
99    0.537231
Length: 100, dtype: float64","0     0.092782
1     0.092782
2    -0.211622
3     0.651368
4    -0.801197
        ...   
95    0.194530
96    0.139095
97    0.028430
98   -0.371993
99   -0.496802
Length: 100, dtype: float64","0    -0.066584
1    -0.066584
2    -3.630177
3    -1.603350
4    -1.403597
        ...   
95   -0.159802
96    0.007990
97    0.255684
98    0.026634
99    0.053267
Length: 100, dtype: float64","0     0.223723
1     0.223723
2    -0.026634
3     0.279654
4     0.234377
        ...   
95    0.005327
96    0.026634
97    0.111862
98    0.114525
99    0.029297
Length: 100, dtype: float64","0     0.135832
1     0.135832
2    -1.946925
3    -1.909638
4    -1.475509
        ...   
95   -0.007990
96    0.106535
97    0.143822
98    0.138495
99    0.085228
Length: 100, dtype: float64",standing
10,"0      0.300413
1      0.300413
2     -1.964993
3     -3.159662
4     -6.498703
        ...    
95     7.052093
96     9.021995
97     3.552242
98    -6.654377
99   -13.677135
Length: 100, dtype: float64","0      0.727580
1      0.727580
2     -0.300555
3     -2.094925
4     -2.887628
        ...    
95    11.111779
96     3.405194
97   -12.276318
98    -8.576643
99    -6.305249
Length: 100, dtype: float64","0     0.878731
1     0.878731
2    -1.226914
3     2.170437
4     1.977581
        ...   
95   -3.803361
96   -2.317320
97   -4.569549
98   -3.473584
99   -0.517220
Length: 100, dtype: float64","0    -0.082565
1    -0.082565
2    -0.631219
3    -0.745744
4    -0.199753
        ...   
95   -0.170456
96    0.471417
97   -2.378392
98   -2.849809
99   -2.916393
Length: 100, dtype: float64","0    -0.055931
1    -0.055931
2     0.039951
3    -0.055931
4     0.127842
        ...   
95    0.090555
96    1.368974
97    3.156097
98    2.897749
99    3.038908
Length: 100, dtype: float64","0     0.668507
1     0.668507
2     0.130505
3    -0.034624
4     0.300961
        ...   
95    0.759061
96   -4.445169
97   -4.778091
98   -2.897749
99   -0.234377
Length: 100, dtype: float64",running
11,"0      1.916536
1      1.916536
2     -4.506995
3      7.477389
4     15.911235
        ...    
95    12.796130
96     9.235642
97    13.419512
98    13.419512
99   -10.327865
Length: 100, dtype: float64","0     -0.465923
1     -0.465923
2     -6.691695
3    -10.995518
4     -7.805502
        ...    
95    -2.332604
96    10.737961
97    -2.331311
98    -2.331311
99   -10.408194
Length: 100, dtype: float64","0    -0.374403
1    -0.374403
2    -1.330023
3    -3.230503
4    -3.833633
        ...   
95   -4.828838
96   -3.584698
97   -0.238991
98   -0.238991
99    1.924294
Length: 100, dtype: float64","0     0.125179
1     0.125179
2     0.708457
3     2.972324
4     3.803296
        ...   
95    0.018644
96    0.306288
97   -0.617902
98   -0.617902
99   -2.503570
Length: 100, dtype: float64","0    -0.034624
1    -0.034624
2    -0.055931
3    -1.965569
4    -0.980121
        ...   
95   -0.332922
96   -0.697804
97    0.255684
98    0.255684
99    0.261010
Length: 100, dtype: float64","0    -0.229050
1    -0.229050
2     2.104064
3     5.177596
4     7.372215
        ...   
95    6.317520
96    1.667271
97   -6.330837
98   -6.330837
99   -2.189292
Length: 100, dtype: float64",running
12,"0      2.221946
1      2.221946
2     -7.704172
3    -10.204578
4      2.699480
        ...    
95   -12.811468
96    -6.263309
97     8.318001
98     9.266587
99     7.245494
Length: 100, dtype: float64","0     -0.783638
1     -0.783638
2     -4.569924
3     -7.286369
4    -11.371817
        ...    
95    -6.135539
96    -3.015144
97    -9.993502
98     1.553208
99     8.805635
Length: 100, dtype: float64","0     0.142401
1     0.142401
2     2.447367
3    -0.526095
4    -3.895602
        ...   
95   -0.729235
96   -2.170100
97   -3.156351
98   -3.758828
99   -4.066924
Length: 100, dtype: float64","0     0.055931
1     0.055931
2    -0.442120
3     0.221060
4     2.961670
        ...   
95   -0.849616
96    0.756398
97    2.735284
98    0.093218
99   -0.045277
Length: 100, dtype: float64","0     0.071911
1     0.071911
2     0.010653
3    -0.141159
4    -0.969468
        ...   
95   -0.356892
96   -1.909638
97   -2.383719
98   -0.881576
99   -0.002663
Length: 100, dtype: float64","0     0.226387
1     0.226387
2    -1.978886
3     0.181109
4     4.186821
        ...   
95    0.604586
96    3.489018
97    5.926004
98    3.960435
99   -0.162466
Length: 100, dtype: float64",running
13,"0      1.463566
1      1.463566
2      6.169349
3     12.296801
4     11.157435
        ...    
95    11.115237
96    10.871691
97    15.845107
98   -12.584620
99   -13.454231
Length: 100, dtype: float64","0      1.782945
1      1.782945
2      8.098975
3      0.205007
4     -6.774211
        ...    
95    14.871746
96    13.460014
97   -10.625976
98   -14.784469
99    -9.446130
Length: 100, dtype: float64","0    -0.817491
1    -0.817491
2    -5.628303
3    -1.648510
4    -5.807180
        ...   
95   -2.275496
96   -1.530095
97   -3.878074
98   -1.550934
99    3.256126
Length: 100, dtype: float64","0     0.082565
1     0.082565
2    -2.671363
3    -3.390473
4    -4.602308
        ...   
95    0.814992
96   -0.210406
97   -3.441077
98   -0.250357
99    0.229050
Length: 100, dtype: float64","0     0.159802
1     0.159802
2     0.282318
3     3.235998
4     4.652912
        ...   
95   -0.775041
96    1.595360
97    3.944455
98   -0.724437
99   -1.262439
Length: 100, dtype: float64","0     0.095881
1     0.095881
2    -1.502142
3    -2.567491
4    -3.949781
        ...   
95    1.608677
96   -2.719303
97   -7.798355
98   -2.287837
99    1.526112
Length: 100, dtype: float64",running
14,"0      1.186069
1      1.186069
2      0.025475
3     -2.577381
4     -6.588059
        ...    
95     7.833264
96    -6.406500
97   -14.138376
98    -7.391796
99    15.626068
Length: 100, dtype: float64","0      0.013225
1      0.013225
2      1.926289
3     -4.003676
4     -6.491396
        ...    
95   -13.177158
96   -16.541258
97    -7.481679
98   -12.298756
99   -10.701664
Length: 100, dtype: float64","0    -0.377872
1    -0.377872
2    -1.253871
3     1.080195
4     0.128614
        ...   
95    0.058207
96    2.297507
97    3.088278
98   -1.373897
99   -1.489454
Length: 100, dtype: float64","0     0.367545
1     0.367545
2     0.221060
3    -1.179874
4    -0.532675
        ...   
95    0.135832
96    0.149149
97   -0.535338
98   -0.162466
99    3.235998
Length: 100, dtype: float64","0    -0.253020
1    -0.253020
2    -0.500714
3    -0.002663
4     0.197090
        ...   
95    2.594125
96   -0.545991
97   -0.436793
98   -0.753734
99   -1.406261
Length: 100, dtype: float64","0     0.114525
1     0.114525
2    -0.173119
3    -0.311615
4     1.297062
        ...   
95   -7.345582
96   -3.531632
97    1.182537
98    3.275948
99    7.547998
Length: 100, dtype: float64",running
15,"0    -0.359319
1    -0.359319
2     4.011746
3     3.969688
4     3.969688
        ...   
95    9.113968
96    9.113968
97    9.639398
98    9.110810
99   -3.754989
Length: 100, dtype: float64","0      0.152819
1      0.152819
2      1.048811
3     -1.928682
4     -1.928682
        ...    
95    11.587113
96    11.587113
97     8.134124
98   -12.331043
99   -16.276659
Length: 100, dtype: float64","0    -0.064578
1    -0.064578
2    -1.804903
3     1.817027
4     1.817027
        ...   
95   -1.393714
96   -1.393714
97   -0.697245
98   -1.462568
99   -0.515310
Length: 100, dtype: float64","0     0.039951
1     0.039951
2    -1.347667
3    -0.066584
4    -0.066584
        ...   
95   -0.822982
96   -0.822982
97   -0.993438
98   -2.386382
99   -0.876250
Length: 100, dtype: float64","0    -0.042614
1    -0.042614
2     0.572625
3    -0.402169
4    -0.402169
        ...   
95   -0.239704
96   -0.239704
97    1.259775
98    3.654147
99   -0.402169
Length: 100, dtype: float64","0     0.125179
1     0.125179
2    -1.861697
3    -2.207936
4    -2.207936
        ...   
95   -0.615239
96   -0.615239
97   -4.266723
98   -7.609255
99   -5.103022
Length: 100, dtype: float64",running
16,"0      1.370472
1      1.370472
2      8.988115
3      9.961660
4     14.369909
        ...    
95     4.900373
96    -5.732792
97    -9.882447
98    -4.430266
99    13.514693
Length: 100, dtype: float64","0     -1.054298
1     -1.054298
2      7.717017
3      7.924464
4     -5.946633
        ...    
95   -11.081743
96   -14.014988
97    -9.075571
98   -11.316754
99    -8.187421
Length: 100, dtype: float64","0    -0.451409
1    -0.451409
2    -6.073897
3    -3.372283
4     1.696946
        ...   
95    1.099837
96    2.613123
97    2.681814
98    0.957392
99   -6.668823
Length: 100, dtype: float64","0    -0.306288
1    -0.306288
2     0.458100
3    -1.859034
4    -1.195854
        ...   
95   -0.833636
96   -2.452966
97   -0.783032
98    2.074767
99    2.234570
Length: 100, dtype: float64","0    -0.423476
1    -0.423476
2     0.761725
3     0.247694
4     2.295827
        ...   
95    0.442120
96    0.838962
97    0.055931
98   -0.852279
99   -0.988111
Length: 100, dtype: float64","0     0.292971
1     0.292971
2     2.159995
3    -2.498244
4    -5.124329
        ...   
95   -5.803489
96   -3.102829
97    1.009418
98    3.875207
99    6.557223
Length: 100, dtype: float64",running
17,"0      0.324449
1      0.324449
2      9.294422
3      8.241495
4      7.692080
        ...    
95    13.885904
96    20.153603
97    11.827358
98     0.252433
99   -16.979010
Length: 100, dtype: float64","0     -0.977516
1     -0.977516
2     -6.963223
3      4.174181
4      7.438757
        ...    
95    16.354300
96     8.161517
97   -13.698463
98   -18.165749
99   -10.390357
Length: 100, dtype: float64","0    -1.260218
1    -1.260218
2    -2.498493
3    -5.045250
4    -5.781352
        ...   
95   -5.527739
96   -4.600859
97   -0.547638
98    2.404931
99    3.354876
Length: 100, dtype: float64","0    -0.788358
1    -0.788358
2     2.434323
3     2.024163
4    -0.623229
        ...   
95   -1.443548
96   -2.468947
97    0.098545
98   -2.442313
99   -0.404833
Length: 100, dtype: float64","0     0.316941
1     0.316941
2    -0.079901
3     0.322268
4     0.466090
        ...   
95   -1.257112
96    0.093218
97    1.941599
98   -0.002663
99   -0.687150
Length: 100, dtype: float64","0     0.588605
1     0.588605
2     6.535916
3     4.636931
4     1.118617
        ...   
95   -0.873586
96   -7.244373
97   -8.133940
98   -4.716833
99    0.415486
Length: 100, dtype: float64",running
18,"0      0.951708
1      0.951708
2      6.227476
3      3.055575
4      3.055575
        ...    
95    14.979664
96    -5.634761
97   -16.496962
98   -16.496962
99   -12.872236
Length: 100, dtype: float64","0     -1.304853
1     -1.304853
2     -1.222450
3     -6.194563
4     -6.194563
        ...    
95   -11.008355
96   -16.784014
97   -10.858133
98   -10.858133
99    -8.110650
Length: 100, dtype: float64","0    -0.944935
1    -0.944935
2     0.682350
3     3.135348
4     3.135348
        ...   
95   -3.831738
96   -6.007497
97   -2.743873
98   -2.743873
99   -1.684402
Length: 100, dtype: float64","0    -0.386189
1    -0.386189
2    -0.346238
3     0.506041
4     0.506041
        ...   
95   -1.462192
96   -1.587370
97   -0.370209
98   -0.370209
99    1.422241
Length: 100, dtype: float64","0     0.308951
1     0.308951
2     0.298298
3    -0.130505
4    -0.130505
        ...   
95    4.375921
96    2.508897
97    0.015980
98    0.015980
99   -2.157332
Length: 100, dtype: float64","0     0.098545
1     0.098545
2    -1.408924
3    -2.868452
4    -2.868452
        ...   
95   -7.417492
96   -5.289458
97   -1.805767
98   -1.805767
99    2.596788
Length: 100, dtype: float64",running
19,"0      2.508158
1      2.508158
2      2.121694
3      0.212363
4     -2.896465
        ...    
95    10.717827
96     8.744416
97    13.967677
98    11.156843
99     0.069358
Length: 100, dtype: float64","0     -0.745654
1     -0.745654
2      1.754981
3      0.050256
4     -3.884919
        ...    
95     4.642765
96    13.771559
97     6.952250
98   -12.034172
99   -15.368336
Length: 100, dtype: float64","0     1.549042
1     1.549042
2    -2.057386
3    -1.280972
4     0.599143
        ...   
95   -6.335711
96   -2.065510
97   -1.304951
98   -2.310304
99   -0.587644
Length: 100, dtype: float64","0     0.380862
1     0.380862
2    -1.097310
3    -0.295634
4    -1.379627
        ...   
95    0.799012
96    0.657853
97   -2.897749
98   -0.703130
99   -1.989539
Length: 100, dtype: float64","0    -0.436793
1    -0.436793
2     0.644536
3     0.167792
4     0.463427
        ...   
95   -1.318369
96   -0.255684
97    1.917628
98    3.193384
99    1.427568
Length: 100, dtype: float64","0     0.591269
1     0.591269
2    -0.961478
3    -1.371637
4    -1.403597
        ...   
95    5.593082
96    0.143822
97   -5.071061
98   -6.509283
99   -4.525070
Length: 100, dtype: float64",running
20,"0    -0.071819
1    -0.071819
2    -0.360728
3     0.084804
4     0.330120
        ...   
95    0.644735
96    1.251466
97    1.251466
98    0.991489
99    0.413049
Length: 100, dtype: float64","0     0.354963
1     0.354963
2    -2.704719
3    -3.349246
4    -1.123242
        ...   
95   -0.509034
96    2.776207
97    2.776207
98    3.895162
99    3.532764
Length: 100, dtype: float64","0     0.275074
1     0.275074
2     0.892838
3     0.010835
4     0.020116
        ...   
95   -1.671019
96   -0.186459
97   -0.186459
98    0.530786
99    0.447459
Length: 100, dtype: float64","0    -1.033389
1    -1.033389
2     0.066584
3     0.599259
4     0.663180
        ...   
95    0.210406
96    0.870923
97    0.870923
98    1.600687
99   -0.170456
Length: 100, dtype: float64","0     0.743081
1     0.743081
2    -0.271664
3    -0.199753
4    -0.279654
        ...   
95   -0.948161
96   -1.598024
97   -1.598024
98   -0.788358
99    0.042614
Length: 100, dtype: float64","0    -0.825646
1    -0.825646
2     0.122515
3     0.556645
4     1.161230
        ...   
95    1.717875
96    1.587370
97    1.587370
98    0.532675
99   -0.348902
Length: 100, dtype: float64",walking
21,"0     0.648833
1     0.648833
2     0.076985
3    -0.295492
4    -0.592993
        ...   
95    0.003306
96    0.463057
97    0.969757
98    0.191909
99    0.805618
Length: 100, dtype: float64","0    -0.996722
1    -0.996722
2    -0.897264
3    -1.136712
4    -0.673471
        ...   
95    2.094180
96    1.440038
97    0.355625
98   -0.758496
99   -0.750379
Length: 100, dtype: float64","0    -0.644136
1    -0.644136
2     0.970515
3    -0.164896
4     0.252778
        ...   
95   -0.673790
96   -0.239165
97   -0.611993
98   -1.141962
99   -0.478014
Length: 100, dtype: float64","0    -0.101208
1    -0.101208
2    -0.407496
3    -0.412823
4    -0.135832
        ...   
95   -0.330258
96   -0.450110
97   -0.942834
98   -1.060022
99   -0.476744
Length: 100, dtype: float64","0     0.055931
1     0.055931
2    -0.157139
3     0.087891
4     0.037287
        ...   
95    0.077238
96    0.170456
97    0.484734
98    0.628556
99    0.242367
Length: 100, dtype: float64","0    -0.031960
1    -0.031960
2    -0.343575
3    -0.308951
4    -0.090555
        ...   
95   -0.399506
96   -0.820319
97   -1.121280
98   -1.318369
99   -1.310379
Length: 100, dtype: float64",walking
22,"0    -0.697643
1    -0.697643
2    -0.199924
3    -0.424592
4    -0.277881
        ...   
95    1.475275
96   -0.689696
97   -0.436090
98    0.520123
99    0.426016
Length: 100, dtype: float64","0    -0.561693
1    -0.561693
2    -0.820724
3    -1.014510
4    -2.683653
        ...   
95    4.914747
96    4.033065
97    3.227962
98   -0.173106
99   -2.884886
Length: 100, dtype: float64","0    -0.950458
1    -0.950458
2     1.146612
3     2.215659
4     0.346236
        ...   
95    0.859659
96    0.109259
97   -0.131619
98    2.063172
99    2.812500
Length: 100, dtype: float64","0    -1.158567
1    -1.158567
2    -0.479407
3    -0.149149
4    -0.002663
        ...   
95    0.695140
96    0.271664
97    1.821747
98    1.073339
99    0.615239
Length: 100, dtype: float64","0     0.727101
1     0.727101
2    -0.410159
3    -0.282318
4    -0.300961
        ...   
95    0.218397
96    0.284981
97   -0.274327
98   -0.838962
99   -0.199753
Length: 100, dtype: float64","0    -1.376964
1    -1.376964
2     0.130505
3     0.189099
4     0.471417
        ...   
95    0.548655
96   -0.191763
97   -1.142587
98   -1.781796
99   -1.259775
Length: 100, dtype: float64",walking
23,"0    -0.647511
1    -0.647511
2    -0.156391
3    -0.821278
4     0.155385
        ...   
95    2.955047
96    1.763218
97    2.393665
98    0.507058
99   -0.208094
Length: 100, dtype: float64","0    -0.111979
1    -0.111979
2    -0.159968
3    -2.562588
4    -2.037382
        ...   
95   -0.312267
96    1.940304
97    3.873044
98    4.878553
99    4.009547
Length: 100, dtype: float64","0    -0.739682
1    -0.739682
2     0.441646
3     0.269299
4    -0.658101
        ...   
95   -1.101002
96   -0.864320
97   -0.650505
98   -0.027739
99    0.090067
Length: 100, dtype: float64","0     0.202416
1     0.202416
2    -0.615239
3     0.122515
4     0.319605
        ...   
95    0.897557
96    0.700467
97    0.932180
98    0.037287
99    0.005327
Length: 100, dtype: float64","0     0.165129
1     0.165129
2     0.007990
3    -0.173119
4    -0.332922
        ...   
95   -0.828309
96   -0.921527
97   -0.711121
98   -0.282318
99    0.000000
Length: 100, dtype: float64","0     0.074574
1     0.074574
2     0.127842
3     0.407496
4     0.793685
        ...   
95    1.877678
96    1.938935
97    1.603350
98    0.676497
99   -0.343575
Length: 100, dtype: float64",walking
24,"0     0.279069
1     0.279069
2     0.707552
3    -0.698897
4    -0.698897
        ...   
95   -0.254714
96   -0.046718
97    1.631407
98    1.631407
99    1.122589
Length: 100, dtype: float64","0    -0.110199
1    -0.110199
2    -0.031651
3     0.107003
4     0.107003
        ...   
95    5.656571
96    3.941606
97   -0.557420
98   -0.557420
99   -2.408135
Length: 100, dtype: float64","0     0.142979
1     0.142979
2     0.919129
3    -0.401695
4    -0.401695
        ...   
95    0.099775
96    0.998627
97    0.566748
98    0.566748
99    0.015799
Length: 100, dtype: float64","0    -0.026634
1    -0.026634
2    -0.631219
3    -0.274327
4    -0.274327
        ...   
95   -0.247694
96    0.159802
97   -0.548655
98   -0.548655
99   -0.330258
Length: 100, dtype: float64","0    -0.010653
1    -0.010653
2     0.290308
3     0.215733
4     0.215733
        ...   
95   -0.101208
96   -0.095881
97    0.713784
98    0.713784
99    0.439456
Length: 100, dtype: float64","0     0.077238
1     0.077238
2     0.122515
3     0.250357
4     0.250357
        ...   
95    0.423476
96   -1.012082
97   -2.325124
98   -2.325124
99   -1.749836
Length: 100, dtype: float64",walking
25,"0    -0.185181
1    -0.185181
2    -1.319727
3    -0.921034
4    -0.393262
        ...   
95   -0.464765
96   -1.269370
97   -1.051951
98   -0.284252
99    0.953456
Length: 100, dtype: float64","0     0.059288
1     0.059288
2    -1.194247
3    -1.930862
4    -2.575440
        ...   
95   -3.340164
96   -4.013459
97   -3.027597
98   -2.015142
99   -0.873585
Length: 100, dtype: float64","0     0.250270
1     0.250270
2     0.418052
3     1.943855
4     0.863110
        ...   
95    0.668373
96    0.604373
97    0.391306
98    0.130439
99   -0.156042
Length: 100, dtype: float64","0     0.154476
1     0.154476
2     0.047941
3    -0.018644
4    -0.151812
        ...   
95   -0.298298
96   -0.284981
97    0.055931
98    0.545991
99    1.033389
Length: 100, dtype: float64","0     0.167792
1     0.167792
2    -0.215733
3    -0.375536
4    -0.300961
        ...   
95    0.292971
96    0.250357
97    0.039951
98   -0.202416
99   -0.290308
Length: 100, dtype: float64","0     0.732428
1     0.732428
2    -0.050604
3    -0.061258
4     0.530011
        ...   
95   -1.121280
96   -0.298298
97    0.287644
98    0.894893
99    1.241132
Length: 100, dtype: float64",walking
26,"0    -0.761604
1    -0.761604
2     0.121078
3    -0.548465
4    -0.227072
        ...   
95    2.419921
96    2.594112
97   -0.202274
98   -0.202274
99   -0.968219
Length: 100, dtype: float64","0     0.260125
1     0.260125
2    -1.423255
3    -2.297265
4    -1.277432
        ...   
95    0.215186
96   -2.379448
97   -3.376169
98   -3.376169
99   -4.849326
Length: 100, dtype: float64","0    -0.064487
1    -0.064487
2     0.075600
3     0.170656
4     0.145531
        ...   
95    0.251052
96    0.092206
97   -0.977995
98   -0.977995
99   -1.453264
Length: 100, dtype: float64","0     0.069248
1     0.069248
2    -0.282318
3    -0.053267
4     0.383526
        ...   
95   -0.348902
96   -0.580615
97   -0.788358
98   -0.788358
99   -0.601922
Length: 100, dtype: float64","0     0.242367
1     0.242367
2    -0.332922
3    -0.444783
4    -0.450110
        ...   
95    0.601922
96    0.780368
97    0.980121
98    0.980121
99    0.239704
Length: 100, dtype: float64","0    -0.007990
1    -0.007990
2     0.239704
3     0.700467
4     0.982784
        ...   
95   -2.381055
96   -2.279847
97   -1.408924
98   -1.408924
99    0.338248
Length: 100, dtype: float64",walking
27,"0    -0.255266
1    -0.255266
2    -0.792226
3     0.490267
4     1.240727
        ...   
95    1.915769
96    0.484056
97   -1.194583
98   -1.129961
99   -1.171982
Length: 100, dtype: float64","0    -0.154748
1    -0.154748
2    -1.176848
3    -1.260424
4    -1.216359
        ...   
95   -1.225479
96   -2.927679
97   -3.492865
98   -3.204208
99   -2.054632
Length: 100, dtype: float64","0    -0.273293
1    -0.273293
2    -0.709993
3    -1.722160
4    -0.821199
        ...   
95   -1.285987
96   -0.971686
97   -0.247540
98   -0.261402
99   -0.306578
Length: 100, dtype: float64","0    -0.050604
1    -0.050604
2    -0.237040
3     0.913537
4     0.940171
        ...   
95   -1.704558
96   -0.332922
97   -0.956151
98   -0.255684
99   -0.498051
Length: 100, dtype: float64","0     0.015980
1     0.015980
2    -0.314278
3    -0.322268
4    -0.881576
        ...   
95    1.307716
96    0.623229
97    0.332922
98    0.021307
99   -0.327595
Length: 100, dtype: float64","0     0.013317
1     0.013317
2     0.170456
3     0.284981
4     0.844289
        ...   
95   -2.157332
96   -1.582043
97   -0.868259
98    0.135832
99    0.647200
Length: 100, dtype: float64",walking
28,"0    -0.373788
1    -0.373788
2     0.076140
3     5.334237
4     4.234907
        ...   
95    0.533963
96    1.976769
97    1.537546
98    0.834960
99    0.312292
Length: 100, dtype: float64","0     0.248056
1     0.248056
2    -1.703104
3    -1.646148
4    -5.382083
        ...   
95   -2.800479
96   -1.326600
97    0.989398
98    3.292181
99    4.335424
Length: 100, dtype: float64","0     0.164594
1     0.164594
2     0.803796
3     0.294877
4    -0.529088
        ...   
95   -0.431100
96   -0.797436
97   -0.435478
98    0.423278
99    0.790915
Length: 100, dtype: float64","0    -0.143822
1    -0.143822
2     0.026634
3    -3.172077
4    -1.371637
        ...   
95    0.308951
96    0.037287
97   -0.234377
98   -0.101208
99   -0.053267
Length: 100, dtype: float64","0    -0.183773
1    -0.183773
2    -0.620566
3    -0.649863
4     0.511368
        ...   
95    0.255684
96    0.103872
97   -0.569962
98   -0.543328
99   -0.327595
Length: 100, dtype: float64","0    -0.015980
1    -0.015980
2    -3.941791
3    -4.258733
4    -3.909831
        ...   
95    0.532675
96    1.225151
97    1.731192
98    1.470182
99    0.745744
Length: 100, dtype: float64",walking
29,"0     0.118553
1     0.118553
2    -0.545332
3    -1.178455
4    -1.178455
        ...   
95    0.661507
96    1.294867
97    1.294867
98    1.441939
99    1.441939
Length: 100, dtype: float64","0     0.419456
1     0.419456
2     0.371223
3    -2.048042
4    -2.048042
        ...   
95    0.200829
96    1.906223
97    1.906223
98    5.230513
99    5.230513
Length: 100, dtype: float64","0    -0.283447
1    -0.283447
2     0.707172
3     0.797323
4     0.797323
        ...   
95   -0.091983
96    0.258126
97    0.258126
98    0.823864
99    0.823864
Length: 100, dtype: float64","0     0.135832
1     0.135832
2     0.159802
3     0.274327
4     0.274327
        ...   
95    1.230478
96    0.548655
97    0.548655
98    0.245030
99    0.245030
Length: 100, dtype: float64","0    -0.079901
1    -0.079901
2    -0.090555
3    -0.141159
4    -0.141159
        ...   
95   -0.601922
96   -0.990775
97   -0.990775
98   -0.743081
99   -0.743081
Length: 100, dtype: float64","0     0.050604
1     0.050604
2     0.474080
3     0.271664
4     0.271664
        ...   
95    1.709885
96    1.970896
97    1.970896
98    0.125179
99    0.125179
Length: 100, dtype: float64",walking
30,"0     -0.771623
1     -0.771623
2     -2.323824
3     -2.752338
4     -2.450970
        ...    
95    15.834576
96    29.131315
97    22.862198
98    17.441282
99     7.191927
Length: 100, dtype: float64","0      0.372042
1      0.372042
2     -0.296031
3     -2.830068
4     -4.697720
        ...    
95    11.694780
96   -21.583090
97    -3.743760
98    -9.064290
99   -11.497003
Length: 100, dtype: float64","0     -0.145753
1     -0.145753
2      1.715016
3      1.941302
4      1.272646
        ...    
95   -12.528547
96   -20.727003
97     5.725987
98     3.068515
99     2.395642
Length: 100, dtype: float64","0    -0.031960
1    -0.031960
2     0.383526
3     0.732428
4     0.047941
        ...   
95   -6.442698
96   -5.475894
97   -2.261203
98   -0.897557
99    0.556645
Length: 100, dtype: float64","0     0.167792
1     0.167792
2     0.229050
3     0.378199
4    -0.386189
        ...   
95   -1.608677
96    6.533253
97   -4.993824
98   -2.285174
99   -1.318369
Length: 100, dtype: float64","0     -0.362219
1     -0.362219
2     -0.239704
3      0.684487
4      1.890995
        ...    
95    -4.615624
96   -20.430730
97    -4.168178
98    -4.237426
99    -1.099973
Length: 100, dtype: float64",badminton
31,"0      0.130669
1      0.130669
2      0.068821
3      1.076776
4      1.106951
        ...    
95     0.019402
96    10.997360
97     5.448675
98     3.880618
99    14.769772
Length: 100, dtype: float64","0     -0.119724
1     -0.119724
2     -4.083609
3     -4.857832
4     -4.325750
        ...    
95   -12.302016
96   -10.183113
97    11.008286
98     1.651236
99    14.047495
Length: 100, dtype: float64","0     -1.019916
1     -1.019916
2      5.390252
3      4.578098
4      2.305553
        ...    
95   -11.038343
96    -6.381850
97    -1.559702
98    -3.174812
99    -8.102727
Length: 100, dtype: float64","0     0.684487
1     0.684487
2     0.394179
3     1.201181
4     3.462384
        ...   
95   -0.327595
96    6.698382
97    4.032346
98    0.687150
99    2.357085
Length: 100, dtype: float64","0     0.290308
1     0.290308
2     0.617902
3     1.688578
4     2.900413
        ...   
95   -0.226387
96   -4.269386
97   -1.962906
98   -1.725865
99   -0.540665
Length: 100, dtype: float64","0     0.679160
1     0.679160
2     1.595360
3     2.042807
4     2.807195
        ...   
95   -1.225151
96    5.699617
97    5.566449
98    1.560736
99    1.925618
Length: 100, dtype: float64",badminton
32,"0     -0.592124
1     -0.592124
2      0.330361
3      0.834415
4      2.385987
        ...    
95    18.863441
96    -2.562504
97     2.052066
98    -0.427342
99    -0.427342
Length: 100, dtype: float64","0     -0.392740
1     -0.392740
2      0.144771
3     -0.359371
4      0.866971
        ...    
95   -23.487123
96    -1.066755
97    -0.253191
98     0.664755
99     0.664755
Length: 100, dtype: float64","0     -1.411327
1     -1.411327
2     -0.982163
3     -0.141869
4      0.073025
        ...    
95    16.160149
96     2.362960
97     1.181257
98     0.418198
99     0.418198
Length: 100, dtype: float64","0    -0.306288
1    -0.306288
2    -0.133169
3     0.210406
4    -0.239704
        ...   
95   -3.987069
96    0.471417
97   -1.123943
98   -1.249122
99   -1.249122
Length: 100, dtype: float64","0     0.354229
1     0.354229
2     0.221060
3     0.173119
4     0.905547
        ...   
95   -3.494345
96    1.880341
97    0.713784
98    0.889566
99    0.889566
Length: 100, dtype: float64","0    -0.143822
1    -0.143822
2     0.213070
3     0.311615
4     1.137260
        ...   
95   -1.432895
96    2.527540
97    1.667271
98    1.025398
99    1.025398
Length: 100, dtype: float64",badminton
33,"0    -0.166323
1    -0.166323
2    -0.227300
3     0.081961
4     2.985319
        ...   
95    7.097770
96    5.988524
97    6.835404
98    3.845880
99    3.845880
Length: 100, dtype: float64","0     0.768712
1     0.768712
2    -0.677960
3    -1.704300
4    -4.782449
        ...   
95    3.058366
96    0.941732
97    0.185777
98    0.685320
99    0.685320
Length: 100, dtype: float64","0     -0.344511
1     -0.344511
2     -1.588044
3     -1.705492
4     -0.595928
        ...    
95    -1.437977
96    -5.033005
97    -4.122738
98   -12.871810
99   -12.871810
Length: 100, dtype: float64","0     0.218397
1     0.218397
2     2.141352
3     2.189292
4     2.375728
        ...   
95   -3.251978
96   -1.251785
97   -0.732428
98   -2.863126
99   -2.863126
Length: 100, dtype: float64","0     0.135832
1     0.135832
2     0.250357
3    -0.178446
4    -0.359555
        ...   
95    2.817848
96    5.936657
97    5.694291
98    8.536109
99    8.536109
Length: 100, dtype: float64","0     0.162466
1     0.162466
2     1.808430
3     1.957579
4     2.815185
        ...   
95    6.091133
96    2.090747
97   -0.346238
98    2.413016
99    2.413016
Length: 100, dtype: float64",badminton
34,"0      0.052231
1      0.052231
2     -0.548047
3     -0.012414
4      1.011521
        ...    
95     0.644979
96     3.540639
97    11.749453
98     1.144650
99    17.649460
Length: 100, dtype: float64","0     -0.730486
1     -0.730486
2      0.707006
3      0.191957
4     -0.936402
        ...    
95    -7.254929
96    -5.886849
97    -1.847987
98    13.558000
99     5.701700
Length: 100, dtype: float64","0    -0.518104
1    -0.518104
2    -1.179430
3    -0.792904
4    -0.974097
        ...   
95   -1.321633
96   -3.497949
97    1.932888
98    3.231390
99    2.663500
Length: 100, dtype: float64","0    -0.159802
1    -0.159802
2    -0.239704
3    -0.101208
4    -0.013317
        ...   
95    0.708457
96    0.002663
97    2.471610
98    2.820512
99   -0.522021
Length: 100, dtype: float64","0    -0.045277
1    -0.045277
2     0.023970
3     0.205080
4     0.191763
        ...   
95   -2.514224
96   -3.821940
97   -5.081715
98   -4.724823
99   -3.640830
Length: 100, dtype: float64","0     -0.029297
1     -0.029297
2      0.298298
3      0.119852
4      0.101208
        ...    
95     0.721774
96     2.085421
97     1.779133
98    -0.058594
99   -13.335506
Length: 100, dtype: float64",badminton
35,"0      1.102297
1      1.102297
2      0.732385
3     -0.920942
4     -0.920942
        ...    
95    -0.280290
96    -0.280290
97    -1.362502
98     2.849978
99    15.885976
Length: 100, dtype: float64","0    -1.790773
1    -1.790773
2     0.661191
3     4.488292
4     4.488292
        ...   
95    3.982322
96    3.982322
97    0.859302
98   -2.920563
99   -2.012929
Length: 100, dtype: float64","0      0.001413
1      0.001413
2     -1.579566
3     -2.274492
4     -2.274492
        ...    
95     2.949889
96     2.949889
97    -0.329923
98   -12.358777
99    -5.047484
Length: 100, dtype: float64","0     0.258347
1     0.258347
2    -0.127842
3     0.564635
4     0.564635
        ...   
95   -0.157139
96   -0.157139
97   -0.844289
98    0.599259
99    4.740803
Length: 100, dtype: float64","0     -0.165129
1     -0.165129
2     -0.167792
3     -0.298298
4     -0.298298
        ...    
95     0.314278
96     0.314278
97     0.522021
98     0.775041
99   -12.682981
Length: 100, dtype: float64","0      0.516694
1      0.516694
2     -0.588605
3     -1.462192
4     -1.462192
        ...    
95     0.218397
96     0.218397
97    -0.300961
98    -0.306288
99    13.948082
Length: 100, dtype: float64",badminton
36,"0      1.686827
1      1.686827
2      0.882479
3     -1.349818
4     -2.882074
        ...    
95     8.141355
96     1.991850
97     6.013556
98     6.013556
99    16.020191
Length: 100, dtype: float64","0    -3.375054
1    -3.375054
2     1.149305
3    -3.585759
4    -5.521821
        ...   
95    5.115477
96    4.248501
97    8.449398
98    8.449398
99   -3.969757
Length: 100, dtype: float64","0     -1.295042
1     -1.295042
2     -0.973728
3     -0.839587
4     -5.010687
        ...    
95     0.547058
96     1.087711
97   -14.311602
98   -14.311602
99   -10.551959
Length: 100, dtype: float64","0    -0.711121
1    -0.711121
2    -1.861697
3     1.981549
4     3.350523
        ...   
95   -4.668892
96   -4.469139
97   -0.849616
98   -0.849616
99    0.868259
Length: 100, dtype: float64","0      0.013317
1      0.013317
2      0.205080
3      0.346238
4     -1.736519
        ...    
95     5.579765
96     6.400084
97     6.892808
98     6.892808
99   -10.858570
Length: 100, dtype: float64","0    -0.207743
1    -0.207743
2     0.114525
3     0.474080
4     0.418150
        ...   
95   -1.305053
96   -2.351758
97   -0.149149
98   -0.149149
99   -5.459914
Length: 100, dtype: float64",badminton
37,"0     1.142016
1     1.142016
2     0.840727
3    -0.013852
4    -0.117969
        ...   
95    1.422936
96    1.268257
97    1.268257
98    0.327786
99    0.327786
Length: 100, dtype: float64","0     1.018433
1     1.018433
2    -2.015249
3    -0.923550
4    -0.230842
        ...   
95   -1.792333
96   -1.155381
97   -1.155381
98   -0.120654
99   -0.120654
Length: 100, dtype: float64","0     0.677593
1     0.677593
2    -0.742828
3    -0.614269
4    -2.228961
        ...   
95    2.575450
96    3.632890
97    3.632890
98    1.350160
99    1.350160
Length: 100, dtype: float64","0     0.175783
1     0.175783
2     1.611340
3     1.222488
4     0.854943
        ...   
95   -0.101208
96    0.591269
97    0.591269
98   -0.442120
99   -0.442120
Length: 100, dtype: float64","0    -0.460763
1    -0.460763
2    -1.358320
3    -0.769715
4    -0.556645
        ...   
95    1.214498
96    1.869688
97    1.869688
98    3.526305
99    3.526305
Length: 100, dtype: float64","0     0.679160
1     0.679160
2     2.615432
3     1.675261
4     1.321033
        ...   
95    0.348902
96    0.599259
97    0.599259
98    1.472845
99    1.472845
Length: 100, dtype: float64",badminton
38,"0    -0.396060
1    -0.396060
2    -0.268022
3     0.353698
4     0.019509
        ...   
95    0.685694
96    1.015222
97    0.873364
98   -0.005607
99   -0.005607
Length: 100, dtype: float64","0    -0.686878
1    -0.686878
2     0.103510
3     0.251851
4     0.679806
        ...   
95   -2.105519
96   -2.411690
97   -2.683228
98   -2.185891
99   -2.185891
Length: 100, dtype: float64","0    -0.350328
1    -0.350328
2    -1.281489
3    -1.933435
4    -1.080710
        ...   
95    1.165885
96    0.087346
97    0.555119
98    1.224647
99    1.224647
Length: 100, dtype: float64","0    -0.157139
1    -0.157139
2     0.274327
3    -0.311615
4    -0.122515
        ...   
95    0.261010
96   -0.058594
97    0.431466
98    1.102636
99    1.102636
Length: 100, dtype: float64","0    -0.058594
1    -0.058594
2    -0.471417
3    -0.535338
4    -0.450110
        ...   
95   -0.793685
96   -0.697804
97   -0.617902
98   -1.273092
99   -1.273092
Length: 100, dtype: float64","0     0.151812
1     0.151812
2     0.332922
3     0.082565
4     0.114525
        ...   
95    0.013317
96    0.023970
97    0.319605
98    0.977458
99    0.977458
Length: 100, dtype: float64",badminton
39,"0     1.211973
1     1.211973
2    -0.605948
3     0.476761
4     2.502923
        ...   
95    1.239144
96    0.261434
97    2.490353
98    4.122120
99    3.169270
Length: 100, dtype: float64","0    -0.247107
1    -0.247107
2    -3.855673
3    -5.442304
4     0.558606
        ...   
95   -6.142442
96    0.205915
97   -0.878765
98    0.911620
99    0.826934
Length: 100, dtype: float64","0     0.327837
1     0.327837
2     7.113185
3     3.593358
4    -1.671816
        ...   
95    0.028264
96   -0.224944
97   -0.597296
98   -0.465409
99   -0.362036
Length: 100, dtype: float64","0     0.058594
1     0.058594
2     0.900220
3    -0.865596
4     0.250357
        ...   
95   -2.309144
96   -0.524684
97    0.111862
98    0.535338
99   -0.298298
Length: 100, dtype: float64","0    -0.527348
1    -0.527348
2    -1.326360
3    -0.993438
4    -0.921527
        ...   
95    1.472845
96    0.769715
97   -0.117188
98    0.197090
99    0.250357
Length: 100, dtype: float64","0    -0.042614
1    -0.042614
2    -0.095881
3     1.129270
4     1.811093
        ...   
95   -0.998765
96    0.157139
97   -0.050604
98    0.442120
99    0.428803
Length: 100, dtype: float64",badminton
0,"0     -0.740653
1     -0.740653
2     10.208449
3      2.867009
4     -0.194301
        ...    
95    -0.094480
96    -0.094480
97    -0.329182
98    -0.287192
99    -0.287192
Length: 100, dtype: float64","0     0.756509
1     0.756509
2    -9.216970
3    -5.977115
4    -3.711996
        ...   
95    0.090568
96    0.090568
97   -0.046058
98    0.098725
99    0.098725
Length: 100, dtype: float64","0     -0.275809
1     -0.275809
2    -12.378901
3     -6.540994
4     -0.795126
        ...    
95    -0.173679
96    -0.173679
97     0.035301
98     0.026540
99     0.026540
Length: 100, dtype: float64","0     -0.423476
1     -0.423476
2    -14.699153
3      5.561122
4     -1.728529
        ...    
95     0.000000
96     0.000000
97    -0.021307
98     0.002663
99     0.002663
Length: 100, dtype: float64","0     0.013317
1     0.013317
2     4.578337
3     2.178639
4    -1.054696
        ...   
95   -0.010653
96   -0.010653
97   -0.023970
98   -0.023970
99   -0.023970
Length: 100, dtype: float64","0     0.013317
1     0.013317
2    -5.055081
3    -1.624657
4    -0.276991
        ...   
95    0.000000
96    0.000000
97    0.029297
98    0.023970
99    0.023970
Length: 100, dtype: float64",standing
1,"0    -0.247409
1    -0.247409
2    -0.771290
3    -0.576154
4    -0.368484
        ...   
95   -0.299483
96   -0.371697
97   -0.408751
98   -0.408751
99   -0.376306
Length: 100, dtype: float64","0    -0.060459
1    -0.060459
2    -0.047618
3     0.230698
4     0.301010
        ...   
95   -0.282228
96    0.041625
97    0.247650
98    0.247650
99    0.273053
Length: 100, dtype: float64","0    -0.608565
1    -0.608565
2    -0.294411
3    -0.810362
4    -0.211506
        ...   
95    0.045018
96   -0.010239
97   -0.058686
98   -0.058686
99   -0.179022
Length: 100, dtype: float64","0    -0.023970
1    -0.023970
2    -0.269001
3     0.007990
4     0.274327
        ...   
95   -0.002663
96    0.023970
97    0.090555
98    0.090555
99    0.047941
Length: 100, dtype: float64","0     0.101208
1     0.101208
2     0.111862
3    -0.077238
4    -0.069248
        ...   
95    0.002663
96    0.053267
97    0.047941
98    0.047941
99    0.023970
Length: 100, dtype: float64","0     0.071911
1     0.071911
2     0.135832
3     0.066584
4     0.007990
        ...   
95   -0.005327
96    0.093218
97    0.093218
98    0.093218
99    0.079901
Length: 100, dtype: float64",standing
2,"0    -0.663284
1    -0.663284
2     5.393924
3     3.116671
4     1.886366
        ...   
95   -0.140585
96    0.152261
97   -0.538632
98   -0.096331
99   -0.224677
Length: 100, dtype: float64","0     0.273010
1     0.273010
2    -3.079673
3    -6.221935
4    -4.779886
        ...   
95    0.067746
96   -0.200440
97    0.265703
98    0.480279
99    0.542160
Length: 100, dtype: float64","0    -0.160963
1    -0.160963
2    -3.175911
3    -1.572557
4    -1.279520
        ...   
95    0.043841
96    0.032910
97    0.058508
98    0.026352
99   -0.234033
Length: 100, dtype: float64","0    -0.245030
1    -0.245030
2    -6.408074
3    -2.234570
4    -1.291736
        ...   
95    0.167792
96    0.237040
97    0.005327
98    0.053267
99   -0.109198
Length: 100, dtype: float64","0    -0.077238
1    -0.077238
2     0.471417
3     2.152005
4     0.383526
        ...   
95    0.000000
96   -0.031960
97    0.007990
98    0.050604
99    0.079901
Length: 100, dtype: float64","0    -0.018644
1    -0.018644
2    -3.592890
3    -3.036245
4    -2.138688
        ...   
95   -0.117188
96    0.181109
97    0.159802
98   -0.013317
99   -0.007990
Length: 100, dtype: float64",standing
3,"0    -1.088052
1    -1.088052
2    -0.683620
3    -0.683620
4     1.732735
        ...   
95   -0.135475
96   -0.177172
97   -0.263701
98   -0.219259
99   -0.219259
Length: 100, dtype: float64","0     0.183832
1     0.183832
2    -2.909047
3    -2.909047
4     0.171792
        ...   
95    0.114351
96    0.178846
97    0.017900
98    0.005191
99    0.005191
Length: 100, dtype: float64","0    -0.260871
1    -0.260871
2     1.507042
3     1.507042
4     0.346195
        ...   
95   -0.045947
96   -0.020852
97   -0.034372
98   -0.026516
99   -0.026516
Length: 100, dtype: float64","0    -0.284981
1    -0.284981
2     0.415486
3     0.415486
4     0.482070
        ...   
95   -0.023970
96    0.007990
97   -0.007990
98   -0.015980
99   -0.015980
Length: 100, dtype: float64","0     0.487397
1     0.487397
2     0.013317
3     0.013317
4     0.202416
        ...   
95    0.010653
96    0.013317
97    0.026634
98    0.010653
99    0.010653
Length: 100, dtype: float64","0     1.081329
1     1.081329
2     0.820319
3     0.820319
4     1.603350
        ...   
95   -0.026634
96   -0.061258
97   -0.074574
98   -0.042614
99   -0.042614
Length: 100, dtype: float64",standing
4,"0     0.354481
1     0.354481
2     0.449142
3     1.223386
4     1.405520
        ...   
95   -0.133455
96   -0.087597
97   -0.231904
98   -0.244251
99   -0.128077
Length: 100, dtype: float64","0    -0.567671
1    -0.567671
2    -1.899854
3     0.230968
4     1.358102
        ...   
95   -1.426817
96   -1.621159
97   -0.871381
98   -0.233980
99    0.319523
Length: 100, dtype: float64","0    -0.084270
1    -0.084270
2     0.913056
3    -0.212025
4     0.322977
        ...   
95    0.361758
96    0.233795
97   -0.045610
98   -0.156621
99   -0.261158
Length: 100, dtype: float64","0    -0.223723
1    -0.223723
2     0.692477
3     0.636546
4     0.687150
        ...   
95    0.037287
96   -0.053267
97    0.095881
98    0.175783
99    0.253020
Length: 100, dtype: float64","0    -0.247694
1    -0.247694
2     0.149149
3     0.149149
4     0.548655
        ...   
95    0.021307
96    0.074574
97    0.047941
98    0.015980
99   -0.023970
Length: 100, dtype: float64","0     0.050604
1     0.050604
2     0.849616
3     1.249122
4     1.278419
        ...   
95   -0.564635
96   -0.191763
97    0.346238
98    0.447447
99    0.418150
Length: 100, dtype: float64",standing
5,"0    -1.182602
1    -0.765368
2    -0.519464
3     0.076611
4     1.375376
        ...   
95   -0.262798
96   -0.313570
97   -0.228093
98   -0.228093
99   -0.078168
Length: 100, dtype: float64","0    -0.612973
1    -2.759566
2    -3.213704
3    -1.247078
4     0.449749
        ...   
95   -0.353974
96   -0.387139
97   -0.267430
98   -0.267430
99    0.416317
Length: 100, dtype: float64","0     0.167450
1     0.414760
2     0.907956
3    -0.261286
4    -0.759054
        ...   
95    0.053371
96   -0.111106
97   -0.117719
98   -0.117719
99   -0.012027
Length: 100, dtype: float64","0    -0.276991
1    -0.508704
2    -0.077238
3     0.167792
4     0.362219
        ...   
95   -0.122515
96   -0.069248
97    0.053267
98    0.053267
99    0.039951
Length: 100, dtype: float64","0    -0.082565
1    -0.114525
2    -0.261010
3    -0.066584
4    -0.173119
        ...   
95    0.079901
96    0.061258
97   -0.021307
98   -0.021307
99   -0.031960
Length: 100, dtype: float64","0    -0.213070
1    -0.426140
2     0.215733
3     0.953487
4     1.355657
        ...   
95   -0.135832
96   -0.018644
97    0.111862
98    0.111862
99    0.226387
Length: 100, dtype: float64",standing
6,"0     1.275129
1     1.275129
2    -0.273185
3    -0.234064
4    -0.234064
        ...   
95   -0.386089
96   -0.424644
97   -0.169657
98   -0.255162
99   -0.265398
Length: 100, dtype: float64","0    -1.024406
1    -1.024406
2     0.095152
3     0.695333
4     0.695333
        ...   
95    0.117006
96    0.049007
97    0.111673
98    0.143052
99    0.092561
Length: 100, dtype: float64","0    -0.545722
1    -0.545722
2     0.023203
3     0.202313
4     0.202313
        ...   
95   -0.044389
96   -0.020808
97   -0.072994
98   -0.036449
99    0.039115
Length: 100, dtype: float64","0    -0.463427
1    -0.463427
2     0.042614
3     0.274327
4     0.274327
        ...   
95    0.000000
96   -0.010653
97   -0.029297
98    0.002663
99    0.039951
Length: 100, dtype: float64","0    -0.367545
1    -0.367545
2    -0.109198
3    -0.069248
4    -0.069248
        ...   
95    0.000000
96   -0.005327
97   -0.013317
98   -0.007990
99    0.000000
Length: 100, dtype: float64","0    -0.159802
1    -0.159802
2     0.183773
3     0.143822
4     0.143822
        ...   
95    0.000000
96   -0.007990
97   -0.015980
98    0.010653
99   -0.010653
Length: 100, dtype: float64",standing
7,"0    -0.352746
1    -0.352746
2    -1.354561
3    -0.399010
4    -0.091743
        ...   
95   -0.163367
96   -0.323758
97   -0.282924
98   -0.074693
99   -0.122423
Length: 100, dtype: float64","0     0.316845
1     0.316845
2     0.490525
3    -0.174803
4    -0.206126
        ...   
95   -0.881745
96   -0.545706
97   -0.082683
98    0.988984
99    1.046733
Length: 100, dtype: float64","0    -0.473779
1    -0.473779
2     1.454261
3     1.292074
4     1.716458
        ...   
95   -0.016690
96   -0.105972
97   -0.119300
98   -0.055604
99    0.099673
Length: 100, dtype: float64","0    -0.327595
1    -0.327595
2    -0.269001
3     0.151812
4    -0.215733
        ...   
95    0.066584
96    0.050604
97    0.055931
98    0.042614
99    0.069248
Length: 100, dtype: float64","0     0.106535
1     0.106535
2     0.021307
3    -0.226387
4    -0.266337
        ...   
95    0.066584
96    0.007990
97   -0.045277
98   -0.138495
99   -0.114525
Length: 100, dtype: float64","0     0.197090
1     0.197090
2     0.460763
3     0.231713
4     0.247694
        ...   
95   -0.119852
96    0.226387
97    0.356892
98    0.263674
99   -0.023970
Length: 100, dtype: float64",standing
8,"0     0.498121
1     0.498121
2     0.196889
3     0.197611
4     0.794920
        ...   
95   -0.197904
96   -0.166439
97   -0.244583
98   -0.142257
99   -0.159682
Length: 100, dtype: float64","0     0.031305
1     0.031305
2    -3.122323
3    -0.657916
4     0.594167
        ...   
95    0.119293
96    0.165437
97    0.055301
98    0.103590
99    0.176370
Length: 100, dtype: float64","0    -0.358509
1    -0.358509
2     0.258171
3    -0.375935
4     0.596180
        ...   
95    0.074502
96    0.068511
97    0.048212
98    0.107599
99    0.126590
Length: 100, dtype: float64","0     0.047941
1     0.047941
2     0.143822
3     0.383526
4     0.484734
        ...   
95   -0.039951
96   -0.023970
97    0.000000
98    0.015980
99    0.031960
Length: 100, dtype: float64","0    -0.119852
1    -0.119852
2     0.015980
3     0.109198
4    -0.018644
        ...   
95    0.000000
96   -0.002663
97    0.002663
98    0.000000
99   -0.005327
Length: 100, dtype: float64","0     0.005327
1     0.005327
2     0.010653
3     0.783032
4     0.966804
        ...   
95   -0.007990
96   -0.010653
97   -0.034624
98   -0.005327
99    0.000000
Length: 100, dtype: float64",standing
9,"0     0.126160
1     0.126160
2     1.771871
3    -0.385448
4    -0.449193
        ...   
95   -0.189435
96   -0.311585
97   -0.215870
98   -0.207062
99   -0.235818
Length: 100, dtype: float64","0     0.102733
1     0.102733
2    -3.798484
3    -4.914174
4    -4.127277
        ...   
95    0.413234
96    0.783459
97    0.800464
98    0.531724
99    0.038644
Length: 100, dtype: float64","0     0.308964
1     0.308964
2     0.141369
3    -0.980509
4    -0.153962
        ...   
95   -0.126449
96   -0.207921
97   -0.101693
98   -0.072515
99    0.168858
Length: 100, dtype: float64","0     0.002663
1     0.002663
2    -1.427568
3    -2.000193
4    -0.130505
        ...   
95    0.053267
96    0.023970
97   -0.050604
98   -0.133169
99   -0.087891
Length: 100, dtype: float64","0     0.000000
1     0.000000
2    -0.167792
3    -0.255684
4     0.015980
        ...   
95    0.000000
96   -0.055931
97   -0.058594
98   -0.069248
99   -0.058594
Length: 100, dtype: float64","0    -0.007990
1    -0.007990
2    -1.643301
3    -0.402169
4    -0.274327
        ...   
95    0.261010
96    0.146486
97   -0.050604
98   -0.186436
99   -0.298298
Length: 100, dtype: float64",standing
10,"0      0.206148
1      0.206148
2      6.534367
3      1.131917
4     -8.367996
        ...    
95    11.878017
96     7.058106
97     7.058106
98    10.041190
99    10.041190
Length: 100, dtype: float64","0    -0.658294
1    -0.658294
2     4.597327
3    -4.033093
4    -7.513152
        ...   
95   -3.866992
96    8.879556
97    8.879556
98   -6.685540
99   -6.685540
Length: 100, dtype: float64","0     0.469612
1     0.469612
2    -2.723661
3     0.993438
4     3.346872
        ...   
95   -3.664043
96   -5.190697
97   -5.190697
98    0.593610
99    0.593610
Length: 100, dtype: float64","0    -0.106535
1    -0.106535
2    -0.439456
3     0.647200
4    -0.689814
        ...   
95    2.490253
96   -0.058594
97   -0.058594
98   -0.274327
99   -0.274327
Length: 100, dtype: float64","0     0.306288
1     0.306288
2     1.717875
3     0.074574
4    -0.596595
        ...   
95   -0.500714
96    0.231713
97    0.231713
98    0.053267
99    0.053267
Length: 100, dtype: float64","0     0.950824
1     0.950824
2    -1.041379
3    -3.315899
4    -2.796541
        ...   
95    5.055081
96    0.948161
97    0.948161
98   -5.920677
99   -5.920677
Length: 100, dtype: float64",running
11,"0     -0.193013
1     -0.193013
2      2.403985
3      3.944837
4      6.696989
        ...    
95    13.687557
96    13.687557
97   -12.056174
98   -12.056174
99    -8.033739
Length: 100, dtype: float64","0     -0.106266
1     -0.106266
2      0.523920
3      2.012546
4     -1.386553
        ...    
95   -11.867113
96   -11.867113
97   -10.852823
98   -10.852823
99    -6.678863
Length: 100, dtype: float64","0    -0.636563
1    -0.636563
2    -1.166243
3    -0.076330
4    -1.507628
        ...   
95   -3.376152
96   -3.376152
97   -0.860913
98   -0.860913
99   -2.176181
Length: 100, dtype: float64","0    -0.087891
1    -0.087891
2    -2.716640
3    -3.257305
4    -2.226579
        ...   
95   -1.510132
96   -0.700467
97   -1.374300
98   -1.374300
99    0.809665
Length: 100, dtype: float64","0     0.010653
1     0.010653
2     1.297062
3     2.026827
4     2.407689
        ...   
95    4.525070
96    0.993438
97    0.261010
98    0.261010
99   -1.544756
Length: 100, dtype: float64","0     0.205080
1     0.205080
2    -0.609912
3    -0.801675
4    -2.042807
        ...   
95   -7.606592
96   -5.273478
97    0.013317
98    0.013317
99    3.393137
Length: 100, dtype: float64",running
12,"0      0.841063
1      0.841063
2     -7.980062
3     -8.026263
4      9.677279
        ...    
95     7.771154
96    15.015295
97     4.801497
98     4.801497
99   -13.218517
Length: 100, dtype: float64","0     -0.711477
1     -0.711477
2    -10.171927
3     -7.447443
4    -11.304486
        ...    
95    12.036890
96    -6.385949
97   -14.644379
98   -14.644379
99   -12.800244
Length: 100, dtype: float64","0    -0.070385
1    -0.070385
2     3.868311
3    -2.457052
4    -5.931294
        ...   
95   -0.432196
96   -3.484292
97    0.162580
98    0.162580
99    2.070448
Length: 100, dtype: float64","0     0.314278
1     0.314278
2     1.483499
3     0.125179
4     3.307909
        ...   
95   -0.109198
96   -2.343768
97   -1.057359
98   -1.057359
99   -1.030725
Length: 100, dtype: float64","0     0.055931
1     0.055931
2    -0.559308
3     0.679160
4    -1.518122
        ...   
95    0.189099
96    2.367738
97    0.596595
98    0.596595
99   -0.314278
Length: 100, dtype: float64","0     0.926854
1     0.926854
2    -1.297062
3     2.439649
4     6.759640
        ...   
95   -3.489018
96   -6.503956
97   -5.377349
98   -5.377349
99   -0.948161
Length: 100, dtype: float64",running
13,"0      2.580342
1      2.580342
2     -7.268912
3     -2.151018
4     10.542688
        ...    
95     1.129924
96   -14.334705
97   -14.334705
98    -1.885959
99    16.109348
Length: 100, dtype: float64","0     -0.850954
1     -0.850954
2     -6.062234
3     -7.335191
4    -10.497492
        ...    
95   -15.625927
96   -16.664661
97   -16.664661
98   -12.405266
99   -10.258914
Length: 100, dtype: float64","0     -0.150030
1     -0.150030
2      0.964216
3     -1.098742
4     -2.525384
        ...    
95    -8.320484
96    -1.225724
97    -1.225724
98    -6.858231
99   -10.360642
Length: 100, dtype: float64","0    -0.005327
1    -0.005327
2     0.002663
3     1.368974
4     3.121473
        ...   
95   -0.458100
96   -1.459528
97   -1.459528
98    1.994866
99    3.952445
Length: 100, dtype: float64","0     0.050604
1     0.050604
2    -0.364882
3    -0.508704
4    -1.283746
        ...   
95    2.711313
96    0.436793
97    0.436793
98   -2.777898
99   -3.920484
Length: 100, dtype: float64","0     0.311615
1     0.311615
2    -0.772378
3     2.381055
4     4.823368
        ...   
95   -5.776855
96   -2.112054
97   -2.112054
98    4.738140
99    7.041957
Length: 100, dtype: float64",running
14,"0     -0.947424
1     -0.947424
2     14.539122
3     11.515778
4     11.515778
        ...    
95    13.239380
96    22.476469
97    15.254757
98     9.948937
99     9.948937
Length: 100, dtype: float64","0      0.572681
1      0.572681
2    -10.321303
3      0.644589
4      0.644589
        ...    
95    14.205988
96     9.933104
97   -10.657270
98   -19.105879
99   -19.105879
Length: 100, dtype: float64","0    -0.529822
1    -0.529822
2    -4.144042
3    -3.601519
4    -3.601519
        ...   
95   -7.278761
96   -4.231825
97   -4.759065
98   -0.845447
99   -0.845447
Length: 100, dtype: float64","0    -0.098545
1    -0.098545
2     2.138688
3     2.074767
4     2.074767
        ...   
95   -0.178446
96   -2.551511
97   -0.474080
98   -0.085228
99   -0.085228
Length: 100, dtype: float64","0     0.596595
1     0.596595
2    -1.259775
3    -0.982784
4    -0.982784
        ...   
95   -0.114525
96    1.302389
97    3.267958
98    0.633883
99    0.633883
Length: 100, dtype: float64","0      0.772378
1      0.772378
2      7.217740
3      6.834214
4      6.834214
        ...    
95     1.906975
96    -6.288223
97   -10.064885
98    -7.745087
99    -7.745087
Length: 100, dtype: float64",running
15,"0     -0.159076
1     -0.159076
2     -0.977703
3     -0.576725
4      2.436944
        ...    
95    14.563953
96    14.563953
97    14.034163
98     5.474637
99   -11.036574
Length: 100, dtype: float64","0      0.376722
1      0.376722
2      0.383495
3      0.821463
4      9.071632
        ...    
95     8.464108
96     8.464108
97    -9.976473
98   -15.475651
99   -15.857528
Length: 100, dtype: float64","0    -0.445368
1    -0.445368
2     1.695360
3     1.107902
4    -6.007636
        ...   
95   -5.081880
96   -5.081880
97   -0.401822
98   -1.281801
99    0.266970
Length: 100, dtype: float64","0    -0.029297
1    -0.029297
2    -0.255684
3    -0.122515
4    -4.474466
        ...   
95   -0.676497
96   -0.676497
97   -1.030725
98   -0.996101
99   -0.556645
Length: 100, dtype: float64","0     0.029297
1     0.029297
2     0.375536
3     0.769715
4     2.330451
        ...   
95   -0.026634
96   -0.026634
97    1.590033
98    1.022735
99   -1.153240
Length: 100, dtype: float64","0    -0.047941
1    -0.047941
2     0.516694
3     0.660516
4    -0.506041
        ...   
95    0.109198
96    0.109198
97   -7.585285
98   -8.775812
99   -3.816613
Length: 100, dtype: float64",running
16,"0      0.025666
1      0.025666
2     -2.468347
3     -2.468347
4     -1.667389
        ...    
95    20.630564
96    13.039371
97    14.457813
98    18.646042
99    13.830288
Length: 100, dtype: float64","0     -0.224999
1     -0.224999
2     -1.295023
3     -1.295023
4     -1.018761
        ...    
95    -3.528115
96    13.297016
97    13.515770
98     1.799305
99   -13.704772
Length: 100, dtype: float64","0    -0.288748
1    -0.288748
2     1.631979
3     1.631979
4    -0.330400
        ...   
95   -4.592120
96   -4.457524
97   -4.465556
98   -1.684586
99    1.707669
Length: 100, dtype: float64","0     0.042614
1     0.042614
2     0.386189
3     0.386189
4    -0.295634
        ...   
95    1.030725
96    1.568726
97   -1.779133
98   -1.395607
99    0.530011
Length: 100, dtype: float64","0    -0.023970
1    -0.023970
2    -0.247694
3    -0.247694
4     0.359555
        ...   
95   -3.102829
96   -1.590033
97    1.193191
98    1.629984
99    1.443548
Length: 100, dtype: float64","0     0.170456
1     0.170456
2    -0.327595
3    -0.327595
4     0.207743
        ...   
95    8.890338
96    3.398464
97   -0.700467
98   -5.814142
99   -9.138031
Length: 100, dtype: float64",running
17,"0      3.789469
1      3.789469
2      1.785949
3     15.736312
4     13.323074
        ...    
95    12.326108
96    14.296155
97     7.399585
98    -7.202089
99    -6.491145
Length: 100, dtype: float64","0     -1.353556
1     -1.353556
2    -10.694607
3    -10.508114
4     10.736507
        ...    
95    11.654915
96   -10.347430
97   -16.670801
98   -15.801685
99    -9.406509
Length: 100, dtype: float64","0    -0.685072
1    -0.685072
2    -4.465480
3    -6.611779
4    -6.909181
        ...   
95   -5.785815
96   -4.048079
97    2.256124
98    3.899713
99    2.291782
Length: 100, dtype: float64","0    -0.021307
1    -0.021307
2     2.753927
3     2.258540
4     2.817848
        ...   
95   -1.153240
96   -1.374300
97   -1.528776
98   -0.830972
99   -0.415486
Length: 100, dtype: float64","0    -0.159802
1    -0.159802
2    -0.820319
3    -1.345003
4    -0.953487
        ...   
95   -0.234377
96    3.323889
97    0.069248
98   -0.775041
99   -0.884240
Length: 100, dtype: float64","0     0.133169
1     0.133169
2     2.974987
3     7.188443
4     6.498629
        ...   
95    0.681823
96   -7.955494
97   -6.509283
98   -1.246458
99    3.643494
Length: 100, dtype: float64",running
18,"0      6.788207
1      6.788207
2     20.634491
3      9.372565
4     -4.625942
        ...    
95   -10.264936
96    -0.121548
97    13.202801
98    13.970690
99     9.770172
Length: 100, dtype: float64","0      0.070662
1      0.070662
2     -2.578527
3    -10.670878
4     -8.720537
        ...    
95    -8.420988
96    -8.738297
97    -5.857739
98     8.143393
99    13.433136
Length: 100, dtype: float64","0     1.072521
1     1.072521
2    -1.386437
3    -1.230399
4     2.377702
        ...   
95   -1.193961
96   -4.092732
97   -4.770319
98   -1.926777
99   -1.948766
Length: 100, dtype: float64","0     0.234377
1     0.234377
2    -5.337399
3    -2.599452
4    -0.538001
        ...   
95   -1.177211
96    0.884240
97    1.909638
98    1.025398
99   -0.087891
Length: 100, dtype: float64","0    -0.165129
1    -0.165129
2    -4.109584
3     0.362219
4     0.261010
        ...   
95   -0.170456
96   -3.052225
97   -3.009611
98   -0.516694
99    0.886903
Length: 100, dtype: float64","0    -0.069248
1    -0.069248
2    -0.980121
3    -3.837920
4    -1.552746
        ...   
95    2.149342
96    5.060408
97    5.760875
98    2.450303
99   -3.212027
Length: 100, dtype: float64",running
19,"0    -0.218596
1    -0.218596
2     0.388206
3     0.321093
4     0.651842
        ...   
95   -0.083509
96   -0.049762
97    3.126378
98    6.592820
99    6.592820
Length: 100, dtype: float64","0      0.191299
1      0.191299
2      0.221796
3      1.701039
4      3.584238
        ...    
95    -1.312711
96   -11.356872
97    -3.222565
98     3.808157
99     3.808157
Length: 100, dtype: float64","0    -0.228349
1    -0.228349
2     0.779480
3     0.953253
4    -1.319873
        ...   
95    0.834973
96   -0.531245
97   -0.613138
98   -4.424833
99   -4.424833
Length: 100, dtype: float64","0     0.042614
1     0.042614
2    -0.745744
3    -0.665843
4    -0.972131
        ...   
95   -0.833636
96    0.636546
97    0.447447
98    1.813757
99    1.813757
Length: 100, dtype: float64","0     0.055931
1     0.055931
2     0.482070
3     0.482070
4     0.625893
        ...   
95    0.173119
96   -0.306288
97   -1.992203
98   -1.203844
99   -1.203844
Length: 100, dtype: float64","0    -0.058594
1    -0.058594
2     0.356892
3     0.679160
4     0.583279
        ...   
95    1.374300
96    2.024163
97    5.590419
98    3.081522
99    3.081522
Length: 100, dtype: float64",running
20,"0    -0.294498
1    -0.294498
2    -0.050044
3    -0.178450
4    -0.199763
        ...   
95    1.166741
96   -0.745801
97   -1.244642
98   -0.574525
99   -0.231273
Length: 100, dtype: float64","0     0.540218
1     0.540218
2    -0.515245
3    -0.825130
4    -1.939472
        ...   
95   -0.898781
96   -2.696395
97   -3.453138
98   -2.647502
99   -0.896672
Length: 100, dtype: float64","0     0.218114
1     0.218114
2    -0.301108
3    -0.097557
4     0.129453
        ...   
95   -0.514016
96    0.234708
97    0.299555
98   -0.127122
99   -0.287932
Length: 100, dtype: float64","0    -0.045277
1    -0.045277
2     0.103872
3     0.029297
4     0.079901
        ...   
95   -1.321033
96   -0.434130
97    0.023970
98    0.253020
99    0.269001
Length: 100, dtype: float64","0    -0.002663
1    -0.002663
2    -0.183773
3    -0.199753
4    -0.402169
        ...   
95    0.857606
96    0.095881
97   -0.015980
98   -0.213070
99   -0.495387
Length: 100, dtype: float64","0     0.031960
1     0.031960
2     0.037287
3     0.237040
4     0.402169
        ...   
95   -1.582043
96   -0.644536
97   -0.157139
98    0.705794
99    1.323696
Length: 100, dtype: float64",walking
21,"0    -0.171905
1    -0.171905
2    -0.397472
3     0.148247
4     0.437436
        ...   
95    0.028986
96   -0.084752
97    1.777585
98    4.298786
99    3.329566
Length: 100, dtype: float64","0     0.206276
1     0.206276
2    -3.217950
3    -2.023047
4    -1.129752
        ...   
95    4.018091
96    1.625796
97    0.365462
98    0.158983
99    3.025215
Length: 100, dtype: float64","0    -0.308410
1    -0.308410
2    -0.035401
3    -0.087897
4    -0.360396
        ...   
95   -0.439168
96   -3.531487
97   -5.659117
98   -3.300055
99   -2.039649
Length: 100, dtype: float64","0    -0.189099
1    -0.189099
2     0.857606
3     0.665843
4     0.889566
        ...   
95    1.512796
96    2.961670
97    7.063264
98    6.064499
99    2.341105
Length: 100, dtype: float64","0     0.079901
1     0.079901
2     0.135832
3    -0.175783
4    -0.383526
        ...   
95   -0.295634
96   -0.540665
97   -1.651291
98   -2.583471
99   -2.170649
Length: 100, dtype: float64","0     0.055931
1     0.055931
2     0.391516
3     0.998765
4     1.350330
        ...   
95   -1.030725
96   -1.422241
97   -1.153240
98    1.435558
99    2.884433
Length: 100, dtype: float64",walking
22,"0     0.175924
1     0.175924
2     0.194403
3     0.775387
4     1.785844
        ...   
95    1.056881
96    0.451983
97    0.451983
98   -0.372640
99   -0.740874
Length: 100, dtype: float64","0     0.548757
1     0.548757
2    -3.699192
3    -3.445283
4    -1.720403
        ...   
95   -1.082617
96   -2.278377
97   -2.278377
98   -2.929051
99   -2.741558
Length: 100, dtype: float64","0    -1.191314
1    -1.191314
2    -0.554051
3    -1.413800
4    -1.099988
        ...   
95   -0.558303
96   -0.210974
97   -0.210974
98    0.724428
99   -0.006780
Length: 100, dtype: float64","0     0.039951
1     0.039951
2     0.042614
3     0.820319
4     1.427568
        ...   
95   -1.142587
96   -0.700467
97   -0.700467
98   -0.319605
99    0.000000
Length: 100, dtype: float64","0     0.263674
1     0.263674
2    -0.178446
3    -0.327595
4    -0.743081
        ...   
95    0.689814
96    0.274327
97    0.274327
98    0.034624
99   -0.023970
Length: 100, dtype: float64","0     0.937507
1     0.937507
2     0.071911
3     0.351565
4     1.052032
        ...   
95   -1.760489
96   -1.456865
97   -1.456865
98   -0.868259
99    0.431466
Length: 100, dtype: float64",walking
23,"0    -0.553932
1    -0.553932
2    -0.365959
3    -0.096493
4    -1.030899
        ...   
95    1.693106
96   -0.844385
97   -0.090150
98   -0.090150
99   -1.300555
Length: 100, dtype: float64","0     0.176663
1     0.176663
2     0.854647
3     0.222450
4    -2.157695
        ...   
95   -0.100360
96   -0.705734
97   -0.967971
98   -0.967971
99   -2.231219
Length: 100, dtype: float64","0    -0.357691
1    -0.357691
2     0.476774
3     1.119257
4     1.026206
        ...   
95   -3.867061
96   -3.654536
97   -2.049444
98   -2.049444
99   -0.132075
Length: 100, dtype: float64","0     0.021307
1     0.021307
2    -0.170456
3    -0.103872
4    -0.101208
        ...   
95   -3.835257
96   -3.220017
97   -1.741846
98   -1.741846
99   -1.483499
Length: 100, dtype: float64","0     0.111862
1     0.111862
2    -0.066584
3    -0.130505
4    -0.053267
        ...   
95    1.773806
96    1.432895
97    0.852279
98    0.852279
99    0.122515
Length: 100, dtype: float64","0    -0.090555
1    -0.090555
2    -0.039951
3    -0.215733
4    -0.197090
        ...   
95   -0.918864
96   -0.649863
97   -0.836299
98   -0.836299
99   -0.314278
Length: 100, dtype: float64",walking
24,"0     0.383922
1     0.383922
2    -0.272575
3    -0.952556
4     0.053102
        ...   
95    0.977137
96    1.237227
97    1.805961
98    0.933664
99   -0.480025
Length: 100, dtype: float64","0     0.302612
1     0.302612
2    -1.381236
3    -2.173403
4    -2.748573
        ...   
95    3.077244
96    0.835341
97   -0.905319
98   -2.448629
99   -3.909822
Length: 100, dtype: float64","0    -0.398075
1    -0.398075
2    -0.681258
3    -0.849749
4    -0.581873
        ...   
95   -0.345905
96   -0.099797
97    0.299707
98   -0.367835
99   -0.742899
Length: 100, dtype: float64","0     0.071911
1     0.071911
2    -0.761725
3     0.149149
4     0.402169
        ...   
95    0.055931
96    0.343575
97   -0.207743
98   -1.321033
99   -1.161230
Length: 100, dtype: float64","0     0.175783
1     0.175783
2    -0.114525
3    -0.031960
4     0.077238
        ...   
95   -0.468754
96    0.018644
97   -0.109198
98    0.468754
99    0.553982
Length: 100, dtype: float64","0    -0.087891
1    -0.087891
2    -0.503377
3    -0.322268
4     0.018644
        ...   
95   -1.257112
96   -1.749836
97   -1.970896
98   -1.579380
99   -1.052032
Length: 100, dtype: float64",walking
25,"0    -0.044205
1    -0.044205
2    -0.878387
3    -0.277706
4    -0.277706
        ...   
95    0.172792
96    0.172792
97    1.100239
98    1.100239
99    0.746698
Length: 100, dtype: float64","0    -0.496912
1    -0.496912
2    -1.725143
3    -1.109380
4    -1.109380
        ...   
95    0.371542
96    0.371542
97    3.486789
98    3.486789
99    3.932243
Length: 100, dtype: float64","0    -0.428723
1    -0.428723
2     1.558894
3     1.330424
4     1.330424
        ...   
95   -0.467248
96   -0.467248
97   -0.983732
98   -0.983732
99   -1.115985
Length: 100, dtype: float64","0     0.620566
1     0.620566
2     0.082565
3    -0.143822
4    -0.143822
        ...   
95    0.410159
96    0.410159
97    0.095881
98    0.095881
99   -0.111862
Length: 100, dtype: float64","0     0.229050
1     0.229050
2     0.098545
3     0.023970
4     0.023970
        ...   
95    0.402169
96    0.402169
97    0.295634
98    0.295634
99    0.386189
Length: 100, dtype: float64","0     0.649863
1     0.649863
2    -0.191763
3    -0.215733
4    -0.215733
        ...   
95    1.526112
96    1.526112
97    1.036052
98    1.036052
99    0.250357
Length: 100, dtype: float64",walking
26,"0    -0.098166
1    -0.098166
2    -0.665304
3    -0.829981
4     0.375669
        ...   
95    0.899618
96    2.569855
97    0.244803
98    0.057337
99    0.702704
Length: 100, dtype: float64","0    -0.117578
1    -0.117578
2    -1.194660
3    -1.562937
4    -1.692123
        ...   
95    0.134287
96   -0.233453
97    3.357724
98    2.712044
99    1.742193
Length: 100, dtype: float64","0    -0.401143
1    -0.401143
2     1.228442
3     0.564813
4     0.803057
        ...   
95   -0.552232
96   -2.105740
97   -0.641299
98   -0.459209
99   -0.320672
Length: 100, dtype: float64","0    -0.061258
1    -0.061258
2    -0.567298
3    -0.215733
4     0.303624
        ...   
95    1.222488
96    1.867024
97    2.026827
98    1.049369
99    1.523449
Length: 100, dtype: float64","0     0.090555
1     0.090555
2     0.029297
3    -0.047941
4    -0.021307
        ...   
95   -0.447447
96   -0.804339
97   -0.681823
98   -0.479407
99   -0.426140
Length: 100, dtype: float64","0     0.018644
1     0.018644
2    -0.005327
3     0.082565
4     0.306288
        ...   
95    1.579380
96    2.005520
97    1.880341
98    1.334350
99    0.386189
Length: 100, dtype: float64",walking
27,"0    -0.188742
1    -0.188742
2    -1.077880
3    -0.476925
4    -0.490263
        ...   
95    1.877475
96   -0.167781
97   -0.167781
98    2.186709
99    2.186709
Length: 100, dtype: float64","0    -0.317179
1    -0.317179
2     0.424980
3     1.524290
4    -0.729589
        ...   
95    3.103000
96    5.491823
97    5.491823
98    5.081151
99    5.081151
Length: 100, dtype: float64","0    -0.332557
1    -0.332557
2    -0.283946
3    -0.538739
4     0.669691
        ...   
95   -1.344540
96   -1.554618
97   -1.554618
98   -0.027180
99   -0.027180
Length: 100, dtype: float64","0    -0.122515
1    -0.122515
2    -0.364882
3     0.194426
4    -0.095881
        ...   
95    1.629984
96   -0.314278
97   -0.314278
98    0.023970
99    0.023970
Length: 100, dtype: float64","0    -0.106535
1    -0.106535
2     0.426140
3     0.300961
4    -0.290308
        ...   
95    0.015980
96    0.223723
97    0.223723
98   -0.071911
99   -0.071911
Length: 100, dtype: float64","0    -0.093218
1    -0.093218
2     0.002663
3    -0.042614
4     0.039951
        ...   
95    2.093411
96    1.459528
97    1.459528
98   -1.486162
99   -1.486162
Length: 100, dtype: float64",walking
28,"0     0.369660
1     0.369660
2    -0.635316
3    -0.772483
4     1.211384
        ...   
95   -0.326471
96    1.165030
97    2.047643
98    2.302927
99    2.302927
Length: 100, dtype: float64","0    -0.645952
1    -0.645952
2    -4.169368
3    -3.973159
4    -0.904389
        ...   
95   -2.722319
96   -1.216883
97    0.784374
98    2.438683
99    2.438683
Length: 100, dtype: float64","0     0.063500
1     0.063500
2    -0.315898
3    -0.903178
4    -1.075068
        ...   
95   -0.300487
96   -0.405751
97   -0.768794
98   -1.096267
99   -1.096267
Length: 100, dtype: float64","0    -0.101208
1    -0.101208
2     0.122515
3     0.226387
4     0.974794
        ...   
95    0.181109
96    0.687150
97    1.227815
98    1.459528
99    1.459528
Length: 100, dtype: float64","0    -0.029297
1    -0.029297
2    -0.205080
3    -0.324931
4    -0.633883
        ...   
95   -0.119852
96   -0.402169
97   -0.330258
98   -0.271664
99   -0.271664
Length: 100, dtype: float64","0     0.045277
1     0.045277
2     0.197090
3     0.841626
4     1.451538
        ...   
95    0.828309
96    1.270429
97    1.781796
98    1.890995
99    1.890995
Length: 100, dtype: float64",walking
29,"0     0.204922
1     0.204922
2    -0.488384
3    -0.306519
4    -0.099125
        ...   
95   -0.498329
96   -0.603204
97   -0.603204
98    2.666591
99    2.666591
Length: 100, dtype: float64","0     2.014985
1     2.014985
2     0.095877
3    -2.172097
4    -2.390191
        ...   
95   -4.158014
96   -2.542219
97   -2.542219
98    0.564482
99    0.564482
Length: 100, dtype: float64","0     0.070974
1     0.070974
2     0.354250
3     0.387071
4     0.368265
        ...   
95    0.367442
96   -0.244440
97   -0.244440
98   -0.843424
99   -0.843424
Length: 100, dtype: float64","0     1.486162
1     1.486162
2    -0.221060
3     0.071911
4     0.593932
        ...   
95    0.018644
96    0.125179
97    0.125179
98    0.767051
99    0.767051
Length: 100, dtype: float64","0    -0.628556
1    -0.628556
2    -0.034624
3    -0.205080
4    -0.245030
        ...   
95    0.082565
96   -0.284981
97   -0.284981
98   -0.841626
99   -0.841626
Length: 100, dtype: float64","0     0.993438
1     0.993438
2     0.199753
3     0.119852
4     0.639209
        ...   
95    0.095881
96    1.342340
97    1.342340
98    2.572818
99    2.572818
Length: 100, dtype: float64",walking
30,"0    -0.623875
1    -0.623875
2    -1.081529
3    -0.572358
4    -0.098315
        ...   
95    1.380024
96    0.950664
97    0.480005
98    0.543524
99    1.573945
Length: 100, dtype: float64","0    -2.123436
1    -2.123436
2    -0.121519
3    -1.054626
4    -0.814075
        ...   
95   -1.309572
96   -1.586242
97   -1.421687
98   -1.245629
99   -0.800864
Length: 100, dtype: float64","0    -0.513654
1    -0.513654
2     0.809464
3     0.844101
4     0.454211
        ...   
95   -1.104551
96   -0.574103
97   -0.235106
98   -0.732116
99    0.614461
Length: 100, dtype: float64","0    -0.143822
1    -0.143822
2    -1.081329
3    -0.482070
4    -0.607249
        ...   
95   -0.095881
96   -0.114525
97   -0.191763
98   -0.234377
99    0.287644
Length: 100, dtype: float64","0     0.058594
1     0.058594
2    -0.127842
3     0.135832
4    -0.143822
        ...   
95   -0.324931
96   -0.253020
97   -0.053267
98    0.000000
99   -0.239704
Length: 100, dtype: float64","0     1.086656
1     1.086656
2     0.066584
3     0.282318
4     0.577952
        ...   
95    0.284981
96    0.135832
97    0.146486
98    0.133169
99    0.282318
Length: 100, dtype: float64",badminton
31,"0     0.036607
1     0.036607
2     0.265778
3    -1.343494
4    -1.699842
        ...   
95    0.702924
96    0.278856
97    3.270604
98    4.255301
99    4.679290
Length: 100, dtype: float64","0     0.341686
1     0.341686
2    -0.164943
3     1.139656
4     0.966420
        ...   
95   -7.241390
96   -6.714019
97   -2.669458
98    4.115016
99    7.836758
Length: 100, dtype: float64","0    -0.694948
1    -0.694948
2    -0.635560
3     0.276055
4    -0.191355
        ...   
95   -0.410993
96   -2.344689
97   -1.853229
98   -0.985646
99   -1.742621
Length: 100, dtype: float64","0    -0.253020
1    -0.253020
2    -0.354229
3     0.247694
4    -0.705794
        ...   
95   -0.362219
96    0.490061
97    2.005520
98    1.483499
99    2.753927
Length: 100, dtype: float64","0    -0.082565
1    -0.082565
2    -0.516694
3    -0.559308
4    -0.684487
        ...   
95   -0.165129
96   -0.889566
97   -1.789786
98   -0.857606
99   -0.663180
Length: 100, dtype: float64","0    -0.090555
1    -0.090555
2     1.470182
3     1.001428
4     0.687150
        ...   
95    1.041379
96    2.061450
97    3.233334
98    2.743274
99    1.424904
Length: 100, dtype: float64",badminton
32,"0    -0.179131
1    -0.179131
2     0.461767
3     0.461767
4     0.362434
        ...   
95    0.134189
96    0.055824
97    0.922309
98    1.482422
99    1.482422
Length: 100, dtype: float64","0    -1.108077
1    -1.108077
2    -1.187180
3    -1.187180
4     0.161509
        ...   
95   -0.489991
96   -0.283364
97    0.249824
98   -2.682781
99   -2.682781
Length: 100, dtype: float64","0     0.012600
1     0.012600
2     2.360390
3     2.360390
4     2.106921
        ...   
95   -0.171479
96    0.106739
97   -0.544124
98   -3.272009
99   -3.272009
Length: 100, dtype: float64","0     0.066584
1     0.066584
2    -0.463427
3    -0.463427
4     1.211835
        ...   
95   -0.106535
96    0.063921
97    0.095881
98    0.034624
99    0.034624
Length: 100, dtype: float64","0    -0.095881
1    -0.095881
2     0.639209
3     0.639209
4     0.181109
        ...   
95    0.000000
96   -0.013317
97   -0.114525
98   -0.231713
99   -0.231713
Length: 100, dtype: float64","0     0.396843
1     0.396843
2    -0.383526
3    -0.383526
4     0.266337
        ...   
95   -0.205080
96   -0.109198
97   -0.295634
98   -0.553982
99   -0.553982
Length: 100, dtype: float64",badminton
33,"0    -2.488524
1    -2.488524
2    -3.298341
3    -2.678160
4    -0.767443
        ...   
95    4.598431
96    4.115221
97    4.115221
98    1.785964
99   -3.228577
Length: 100, dtype: float64","0     0.360353
1     0.360353
2    -4.123512
3    -5.651583
4    -2.530377
        ...   
95   -1.803685
96   -2.146855
97   -2.146855
98   -4.016147
99   -4.603699
Length: 100, dtype: float64","0     0.362847
1     0.362847
2     1.901927
3     0.632350
4    -3.061117
        ...   
95    0.568981
96   -1.528210
97   -1.528210
98   -0.462152
99   -0.872766
Length: 100, dtype: float64","0     0.007990
1     0.007990
2    -0.234377
3     0.354229
4     0.615239
        ...   
95    1.821747
96   -0.375536
97   -0.375536
98   -0.282318
99   -0.266337
Length: 100, dtype: float64","0    -0.093218
1    -0.093218
2     0.346238
3     0.908210
4     1.041379
        ...   
95   -1.989539
96   -0.090555
97   -0.090555
98    0.665843
99    2.333114
Length: 100, dtype: float64","0     0.844289
1     0.844289
2     0.439456
3     1.917628
4     3.044235
        ...   
95    0.700467
96   -0.902883
97   -0.902883
98   -1.960242
99   -1.883004
Length: 100, dtype: float64",badminton
34,"0     0.140313
1     0.140313
2     0.903629
3     0.326627
4    -0.208962
        ...   
95    2.850880
96   -0.778177
97    2.637692
98    4.151474
99   -5.920023
Length: 100, dtype: float64","0    -0.604627
1    -0.604627
2     1.621493
3     0.942569
4     1.824642
        ...   
95    0.811384
96   -0.163594
97   -2.580944
98   -7.469936
99   -7.390802
Length: 100, dtype: float64","0    -0.221660
1    -0.221660
2     0.486719
3     0.264048
4    -0.599077
        ...   
95   -0.066528
96   -3.472237
97   -1.673056
98   -1.933697
99   -7.010064
Length: 100, dtype: float64","0     0.079901
1     0.079901
2     0.420813
3     0.221060
4     0.271664
        ...   
95   -0.572625
96   -0.894893
97   -0.271664
98   -1.411588
99   -4.248079
Length: 100, dtype: float64","0    -0.085228
1    -0.085228
2    -0.428803
3    -0.276991
4    -0.085228
        ...   
95    0.000000
96    1.709885
97    1.408924
98    3.259968
99    2.972324
Length: 100, dtype: float64","0    -0.010653
1    -0.010653
2     1.171884
3     0.972131
4     0.663180
        ...   
95    1.685915
96   -0.396843
97   -4.069634
98   -5.116339
99    0.780368
Length: 100, dtype: float64",badminton
35,"0    -0.040961
1    -0.040961
2     0.338414
3    -0.471072
4    -0.471072
        ...   
95    1.804999
96    2.725660
97    1.031565
98    1.031565
99    3.976516
Length: 100, dtype: float64","0    -0.971100
1    -0.971100
2    -3.420216
3     0.272892
4     0.272892
        ...   
95   -3.376082
96   -6.987941
97   -3.441212
98   -3.441212
99   -0.009700
Length: 100, dtype: float64","0     0.203560
1     0.203560
2    -2.053446
3     0.813613
4     0.813613
        ...   
95    0.856818
96   -2.579293
97   -0.292261
98   -0.292261
99   -2.547521
Length: 100, dtype: float64","0     0.061258
1     0.061258
2     0.250357
3     1.566063
4     1.566063
        ...   
95   -1.941599
96   -2.349095
97   -0.095881
98   -0.095881
99   -1.667271
Length: 100, dtype: float64","0    -0.047941
1    -0.047941
2    -0.639209
3    -0.378199
4    -0.378199
        ...   
95    1.246458
96    3.246651
97    2.421006
98    2.421006
99    3.046898
Length: 100, dtype: float64","0     0.961478
1     0.961478
2    -0.298298
3     1.305053
4     1.305053
        ...   
95   -1.936272
96   -1.717875
97   -0.324931
98   -0.324931
99   -0.327595
Length: 100, dtype: float64",badminton
36,"0    -1.801504
1    -1.801504
2    -0.480725
3    -0.359158
4    -0.359158
        ...   
95   -0.650774
96    0.114738
97   -0.030530
98    0.455826
99    0.455826
Length: 100, dtype: float64","0     2.344990
1     2.344990
2    -0.994385
3     0.023968
4     0.023968
        ...   
95   -0.100447
96    0.366684
97    1.387251
98    1.344373
99    1.344373
Length: 100, dtype: float64","0     0.281253
1     0.281253
2     0.378807
3     0.982790
4     0.982790
        ...   
95    1.693459
96    0.835997
97    0.171180
98   -1.091427
99   -1.091427
Length: 100, dtype: float64","0     0.716447
1     0.716447
2    -0.870923
3    -0.966804
4    -0.966804
        ...   
95   -0.990775
96   -0.023970
97    0.386189
98    2.666036
99    2.666036
Length: 100, dtype: float64","0     0.162466
1     0.162466
2     0.095881
3    -0.226387
4    -0.226387
        ...   
95    0.258347
96    0.444783
97    0.974794
98    2.133361
99    2.133361
Length: 100, dtype: float64","0     0.921527
1     0.921527
2    -0.474080
3    -0.370209
4    -0.370209
        ...   
95    0.290308
96    0.367545
97    0.721774
98   -0.106535
99   -0.106535
Length: 100, dtype: float64",badminton
37,"0    -0.046089
1    -0.283051
2    -0.587748
3     1.681765
4     1.698082
        ...   
95   -1.568996
96   -1.736998
97   -1.736998
98   -1.191762
99    7.656783
Length: 100, dtype: float64","0    -0.738026
1    -0.314572
2     3.388108
3    -0.506257
4    -7.708093
        ...   
95   -0.311170
96    1.141241
97    1.141241
98    6.491736
99   -6.001001
Length: 100, dtype: float64","0     0.179667
1    -0.724257
2    -0.223563
3    -1.356121
4     1.167168
        ...   
95    0.844251
96    0.617227
97    0.617227
98   -7.056951
99   -4.164186
Length: 100, dtype: float64","0     0.364882
1    -1.163894
2    -2.543521
3    -3.038908
4    -0.796348
        ...   
95   -0.396843
96    0.138495
97    0.138495
98    0.897557
99   -0.583279
Length: 100, dtype: float64","0    -0.237040
1    -0.101208
2     0.402169
3     0.857606
4     1.257112
        ...   
95   -0.625893
96   -0.820319
97   -0.820319
98   -1.566063
99   -4.554367
Length: 100, dtype: float64","0     0.386189
1    -0.165129
2    -0.897557
3    -1.672598
4    -0.388852
        ...   
95   -0.476744
96    0.516694
97    0.516694
98    0.740418
99   -4.399891
Length: 100, dtype: float64",badminton
38,"0    -2.178746
1    -2.178746
2    -0.448056
3     0.038006
4     1.179976
        ...   
95    1.050701
96    8.055288
97    8.055288
98    3.972704
99    3.972704
Length: 100, dtype: float64","0     -0.385371
1     -0.385371
2     -2.089439
3     -1.940939
4     -2.288380
        ...    
95    -3.814761
96    12.416919
97    12.416919
98    -6.256475
99    -6.256475
Length: 100, dtype: float64","0     -0.805837
1     -0.805837
2      1.046170
3     -2.643758
4     -3.810140
        ...    
95   -11.876352
96   -15.308962
97   -15.308962
98    -3.169756
99    -3.169756
Length: 100, dtype: float64","0    -0.039951
1    -0.039951
2     1.946925
3     2.138688
4     1.571390
        ...   
95    1.970896
96    3.718068
97    3.718068
98    1.803103
99    1.803103
Length: 100, dtype: float64","0     0.484734
1     0.484734
2    -0.524684
3    -1.012082
4    -1.574053
        ...   
95   -0.724437
96   -4.581001
97   -4.581001
98    1.406261
99    1.406261
Length: 100, dtype: float64","0     1.054696
1     1.054696
2     2.436986
3     3.220017
4     3.262631
        ...   
95    2.804531
96    2.753927
97    2.753927
98    2.764581
99    2.764581
Length: 100, dtype: float64",badminton
39,"0      0.901645
1      0.901645
2     -0.054697
3      0.082050
4     -0.128774
        ...    
95    28.459024
96    10.260094
97     4.316471
98     0.704446
99    -2.074749
Length: 100, dtype: float64","0      2.581916
1      2.581916
2     -0.011422
3     -0.993801
4     -1.456736
        ...    
95   -16.633770
96     0.102775
97    -3.574319
98    -4.920444
99    -6.892377
Length: 100, dtype: float64","0    -0.353783
1    -0.353783
2    -0.009521
3     0.267870
4     0.989787
        ...   
95    3.631869
96    1.269261
97    2.063831
98    2.851857
99    4.848379
Length: 100, dtype: float64","0    -0.455437
1    -0.455437
2    -0.250357
3    -0.149149
4    -0.074574
        ...   
95    8.978229
96   -1.645964
97   -1.717875
98   -2.982977
99   -1.350330
Length: 100, dtype: float64","0     0.106535
1     0.106535
2    -0.069248
3     0.095881
4     0.026634
        ...   
95   -3.611533
96   -3.377157
97   -1.843054
98   -0.809665
99   -1.203844
Length: 100, dtype: float64","0     0.245030
1     0.245030
2     0.005327
3     0.255684
4     0.391516
        ...   
95   -1.491489
96    1.283746
97    0.484734
98   -0.721774
99   -1.776470
Length: 100, dtype: float64",badminton
